Fecha_y_hora;NO2(µg/m3);flag_NO2;PM10(NC-µg/m3);flag_PM10;PM2.5(NC-µg/m3);flag_PM2.5
01/01/2010;45;T;23;T;;null
02/01/2010;56;T;40;T;;null
03/01/2010;42;T;26;T;;null
04/01/2010;42;T;29;T;;null
05/01/2010;37;T;25;T;;null
06/01/2010;35;T;21;T;;null
07/01/2010;48;T;26;T;;null
08/01/2010;45;T;24;T;;null
09/01/2010;34;T;17;T;;null
10/01/2010;49;T;37;T;;null
11/01/2010;80;T;62;T;;null
12/01/2010;57;T;29;T;;null
13/01/2010;77;T;47;T;;null
14/01/2010;61;T;33;T;;null
15/01/2010;65;T;39;T;;null
16/01/2010;31;T;20;T;;null
17/01/2010;44;T;27;T;;null
18/01/2010;56;T;66;T;;null
19/01/2010;60;T;67;T;;null
20/01/2010;56;T;42;T;;null
21/01/2010;71;T;73;T;;null
22/01/2010;63;T;49;T;;null
23/01/2010;39;T;36;T;;null
24/01/2010;26;T;25;T;;null
25/01/2010;40;T;27;T;;null
26/01/2010;38;T;32;T;;null
27/01/2010;40;T;46;T;;null
28/01/2010;57;T;47;T;;null
29/01/2010;47;T;20;T;;null
30/01/2010;34;T;15;T;;null
31/01/2010;28;T;12;T;;null
01/02/2010;49;T;35;T;;null
02/02/2010;62;T;52;T;;null
03/02/2010;42;T;62;T;;null
04/02/2010;27;T;45;T;;null
05/02/2010;54;T;21;T;;null
06/02/2010;38;T;25;T;;null
07/02/2010;41;T;35;T;;null
08/02/2010;40;T;33;T;;null
09/02/2010;42;T;26;T;;null
10/02/2010;38;T;26;T;;null
11/02/2010;50;T;27;T;;null
12/02/2010;49;T;33;T;;null
13/02/2010;48;T;30;T;;null
14/02/2010;41;T;32;T;;null
15/02/2010;41;T;32;T;;null
16/02/2010;61;T;54;T;;null
17/02/2010;70;T;47;T;;null
18/02/2010;50;T;36;T;;null
19/02/2010;57;T;17;T;;null
20/02/2010;59;T;36;T;;null
21/02/2010;22;T;18;T;;null
22/02/2010;48;T;39;T;;null
23/02/2010;56;T;29;T;;null
24/02/2010;44;T;20;T;;null
25/02/2010;44;T;22;T;;null
26/02/2010;56;T;37;T;;null
27/02/2010;39;T;39;T;;null
28/02/2010;18;T;15;T;;null
01/03/2010;50;T;29;T;;null
02/03/2010;58;T;52;T;;null
03/03/2010;51;T;28;T;;null
04/03/2010;32;T;29;T;;null
05/03/2010;34;T;35;T;;null
06/03/2010;25;T;30;T;;null
07/03/2010;23;T;33;T;;null
08/03/2010;46;T;35;T;;null
09/03/2010;45;T;39;T;;null
10/03/2010;49;T;44;T;;null
11/03/2010;50;T;58;T;;null
12/03/2010;46;T;57;T;;null
13/03/2010;41;T;27;T;;null
14/03/2010;38;T;33;T;;null
15/03/2010;47;T;48;T;;null
16/03/2010;66;T;59;T;;null
17/03/2010;70;T;59;T;;null
18/03/2010;58;T;45;T;;null
19/03/2010;33;T;31;T;;null
20/03/2010;32;T;20;T;;null
21/03/2010;18;T;20;T;;null
22/03/2010;38;T;36;T;;null
23/03/2010;51;T;50;T;;null
24/03/2010;42;T;44;T;;null
25/03/2010;35;T;18;T;;null
26/03/2010;31;T;19;T;;null
27/03/2010;23;T;28;T;;null
28/03/2010;37;T;47;T;;null
29/03/2010;33;T;40;T;;null
30/03/2010;20;T;15;T;;null
31/03/2010;36;T;16;T;;null
01/04/2010;31;T;22;T;;null
02/04/2010;39;T;31;T;;null
03/04/2010;27;T;17;T;;null
04/04/2010;22;T;19;T;;null
05/04/2010;40;T;36;T;;null
06/04/2010;45;T;41;T;;null
07/04/2010;25;T;19;T;;null
08/04/2010;28;T;27;T;;null
09/04/2010;30;T;34;T;;null
10/04/2010;29;T;47;T;;null
11/04/2010;22;T;41;T;;null
12/04/2010;30;T;37;T;;null
13/04/2010;32;T;33;T;;null
14/04/2010;35;T;39;T;;null
15/04/2010;36;T;36;T;;null
16/04/2010;37;T;42;T;;null
17/04/2010;40;T;40;T;;null
18/04/2010;34;T;27;T;;null
19/04/2010;37;T;43;T;;null
20/04/2010;32;T;55;T;;null
21/04/2010;44;T;48;T;;null
22/04/2010;30;T;24;T;;null
23/04/2010;31;T;31;T;;null
24/04/2010;32;T;44;T;;null
25/04/2010;22;T;41;T;;null
26/04/2010;31;T;49;T;;null
27/04/2010;44;T;55;T;;null
28/04/2010;47;T;55;T;;null
29/04/2010;31;T;31;T;;null
30/04/2010;27;T;25;T;;null
01/05/2010;19;T;24;T;;null
02/05/2010;13;T;18;T;;null
03/05/2010;24;T;17;T;;null
04/05/2010;26;T;26;T;;null
05/05/2010;34;T;32;T;;null
06/05/2010;35;T;35;T;;null
07/05/2010;43;T;41;T;;null
08/05/2010;27;T;29;T;;null
09/05/2010;27;T;25;T;;null
10/05/2010;35;T;21;T;;null
11/05/2010;37;T;23;T;;null
12/05/2010;33;T;25;T;;null
13/05/2010;39;T;25;T;;null
14/05/2010;34;T;21;T;;null
15/05/2010;23;T;22;T;;null
16/05/2010;16;T;27;T;;null
17/05/2010;28;T;35;T;;null
18/05/2010;25;T;43;T;;null
19/05/2010;17;T;36;T;;null
20/05/2010;26;T;41;T;;null
21/05/2010;38;T;49;T;;null
22/05/2010;33;T;47;T;;null
23/05/2010;32;T;53;T;;null
24/05/2010;26;T;54;T;;null
25/05/2010;26;T;39;T;;null
26/05/2010;25;T;33;T;;null
27/05/2010;27;T;30;T;;null
28/05/2010;27;T;34;T;;null
29/05/2010;20;T;28;T;;null
30/05/2010;14;T;23;T;;null
31/05/2010;22;T;37;T;;null
01/06/2010;25;T;48;T;;null
02/06/2010;17;T;26;T;;null
03/06/2010;26;T;30;T;;null
04/06/2010;24;T;39;T;;null
05/06/2010;18;T;28;T;;null
06/06/2010;15;T;24;T;;null
07/06/2010;26;T;33;T;;null
08/06/2010;27;T;30;T;;null
09/06/2010;26;T;19;T;;null
10/06/2010;31;T;11;T;;null
11/06/2010;29;T;15;T;;null
12/06/2010;22;T;15;T;;null
13/06/2010;16;T;22;T;;null
14/06/2010;18;T;23;T;;null
15/06/2010;27;T;23;T;;null
16/06/2010;18;T;31;T;;null
17/06/2010;25;T;35;T;;null
18/06/2010;33;T;46;T;;null
19/06/2010;19;T;30;T;;null
20/06/2010;13;T;23;T;;null
21/06/2010;21;T;29;T;;null
22/06/2010;27;T;52;T;;null
23/06/2010;30;T;67;T;;null
24/06/2010;35;T;68;T;;null
25/06/2010;47;T;62;T;;null
26/06/2010;26;T;42;T;;null
27/06/2010;19;T;36;T;;null
28/06/2010;21;T;38;T;;null
29/06/2010;25;T;44;T;;null
30/06/2010;28;T;46;T;;null
01/07/2010;36;T;56;T;;null
02/07/2010;29;T;31;T;;null
03/07/2010;15;T;13;T;;null
04/07/2010;12;T;21;T;;null
05/07/2010;17;T;21;T;;null
06/07/2010;16;T;16;T;;null
07/07/2010;22;T;33;T;;null
08/07/2010;25;T;43;T;;null
09/07/2010;23;T;31;T;;null
10/07/2010;-;N;-;N;;null
11/07/2010;-;N;-;N;;null
12/07/2010;-;N;-;N;;null
13/07/2010;25;T;31;T;;null
14/07/2010;23;T;31;T;;null
15/07/2010;35;T;42;T;;null
16/07/2010;26;T;27;T;;null
17/07/2010;19;T;24;T;;null
18/07/2010;19;T;27;T;;null
19/07/2010;29;T;41;T;;null
20/07/2010;24;T;34;T;;null
21/07/2010;23;T;18;T;;null
22/07/2010;20;T;20;T;;null
23/07/2010;21;T;20;T;;null
24/07/2010;21;T;21;T;;null
25/07/2010;20;T;21;T;;null
26/07/2010;18;T;24;T;;null
27/07/2010;18;T;24;T;;null
28/07/2010;19;T;28;T;;null
29/07/2010;13;T;18;T;;null
30/07/2010;13;T;16;T;;null
31/07/2010;13;T;17;T;;null
01/08/2010;13;T;16;T;;null
02/08/2010;20;T;19;T;;null
03/08/2010;19;T;24;T;;null
04/08/2010;19;T;22;T;;null
05/08/2010;18;T;21;T;;null
06/08/2010;22;T;24;T;;null
07/08/2010;17;T;23;T;;null
08/08/2010;10;T;18;T;;null
09/08/2010;20;T;22;T;;null
10/08/2010;31;T;32;T;;null
11/08/2010;26;T;29;T;;null
12/08/2010;30;T;19;T;;null
13/08/2010;29;T;19;T;;null
14/08/2010;24;T;18;T;;null
15/08/2010;20;T;17;T;;null
16/08/2010;23;T;17;T;;null
17/08/2010;36;T;29;T;;null
18/08/2010;31;T;34;T;;null
19/08/2010;31;T;24;T;;null
20/08/2010;42;T;33;T;;null
21/08/2010;39;T;46;T;;null
22/08/2010;23;T;45;T;;null
23/08/2010;27;T;46;T;;null
24/08/2010;29;T;25;T;;null
25/08/2010;43;T;40;T;;null
26/08/2010;47;T;44;T;;null
27/08/2010;27;T;26;T;;null
28/08/2010;14;T;18;T;;null
29/08/2010;17;T;17;T;;null
30/08/2010;27;T;23;T;;null
31/08/2010;35;T;31;T;;null
01/09/2010;49;T;56;T;;null
02/09/2010;38;T;44;T;;null
03/09/2010;42;T;49;T;;null
04/09/2010;37;T;51;T;;null
05/09/2010;32;T;41;T;;null
06/09/2010;40;T;36;T;;null
07/09/2010;35;T;21;T;;null
08/09/2010;26;T;17;T;;null
09/09/2010;39;T;30;T;;null
10/09/2010;49;T;41;T;;null
11/09/2010;30;T;33;T;;null
12/09/2010;15;T;20;T;;null
13/09/2010;31;T;25;T;;null
14/09/2010;55;T;41;T;;null
15/09/2010;58;T;54;T;;null
16/09/2010;35;T;33;T;;null
17/09/2010;29;T;18;T;;null
18/09/2010;31;T;19;T;;null
19/09/2010;33;T;-;N;;null
20/09/2010;48;T;-;N;;null
21/09/2010;35;T;46;T;;null
22/09/2010;54;T;54;T;;null
23/09/2010;48;T;47;T;;null
24/09/2010;31;T;21;T;;null
25/09/2010;32;T;21;T;;null
26/09/2010;21;T;23;T;;null
27/09/2010;38;T;28;T;;null
28/09/2010;45;T;39;T;;null
29/09/2010;23;T;23;T;;null
30/09/2010;34;T;27;T;;null
01/10/2010;49;T;42;T;;null
02/10/2010;43;T;40;T;;null
03/10/2010;19;T;21;T;;null
04/10/2010;31;T;22;T;;null
05/10/2010;46;T;42;T;;null
06/10/2010;44;T;16;T;;null
07/10/2010;44;T;37;T;;null
08/10/2010;26;T;21;T;;null
09/10/2010;28;T;17;T;;null
10/10/2010;26;T;18;T;;null
11/10/2010;31;T;21;T;;null
12/10/2010;19;T;22;T;;null
13/10/2010;39;T;38;T;;null
14/10/2010;34;T;39;T;;null
15/10/2010;41;T;32;T;;null
16/10/2010;39;T;32;T;;null
17/10/2010;31;T;22;T;;null
18/10/2010;37;T;30;T;;null
19/10/2010;40;T;33;T;;null
20/10/2010;40;T;37;T;;null
21/10/2010;42;T;50;T;;null
22/10/2010;47;T;54;T;;null
23/10/2010;39;T;42;T;;null
24/10/2010;28;T;19;T;;null
25/10/2010;35;T;24;T;;null
26/10/2010;45;T;41;T;;null
27/10/2010;46;T;44;T;;null
28/10/2010;45;T;53;T;;null
29/10/2010;60;T;30;T;;null
30/10/2010;33;T;15;T;;null
31/10/2010;24;T;15;T;;null
01/11/2010;25;T;20;T;;null
02/11/2010;42;T;31;T;;null
03/11/2010;41;T;37;T;;null
04/11/2010;34;T;37;T;;null
05/11/2010;31;T;33;T;;null
06/11/2010;32;T;31;T;;null
07/11/2010;26;T;16;T;;null
08/11/2010;27;T;14;T;;null
09/11/2010;31;T;15;T;;null
10/11/2010;45;T;24;T;;null
11/11/2010;49;T;24;T;;null
12/11/2010;54;T;46;T;;null
13/11/2010;26;T;27;T;;null
14/11/2010;22;T;12;T;;null
15/11/2010;39;T;20;T;;null
16/11/2010;45;T;32;T;;null
17/11/2010;42;T;20;T;;null
18/11/2010;45;T;29;T;;null
19/11/2010;50;T;48;T;;null
20/11/2010;30;T;15;T;;null
21/11/2010;33;T;16;T;;null
22/11/2010;46;T;26;T;;null
23/11/2010;45;T;35;T;;null
24/11/2010;41;T;41;T;;null
25/11/2010;45;T;23;T;;null
26/11/2010;48;T;26;T;;null
27/11/2010;41;T;22;T;;null
28/11/2010;33;T;21;T;;null
29/11/2010;55;T;46;T;;null
30/11/2010;60;T;47;T;;null
01/12/2010;49;T;26;T;;null
02/12/2010;44;T;21;T;;null
03/12/2010;51;T;31;T;;null
04/12/2010;53;T;39;T;;null
05/12/2010;16;T;13;T;;null
06/12/2010;40;T;27;T;;null
07/12/2010;54;T;46;T;;null
08/12/2010;29;T;20;T;;null
09/12/2010;30;T;19;T;;null
10/12/2010;43;T;47;T;;null
11/12/2010;42;T;90;T;;null
12/12/2010;35;T;88;T;;null
13/12/2010;40;T;43;T;;null
14/12/2010;38;T;34;T;;null
15/12/2010;41;T;32;T;;null
16/12/2010;49;T;41;T;;null
17/12/2010;52;T;22;T;;null
18/12/2010;48;T;31;T;;null
19/12/2010;48;T;34;T;;null
20/12/2010;68;T;67;T;;null
21/12/2010;57;T;41;T;;null
22/12/2010;39;T;25;T;;null
23/12/2010;36;T;17;T;;null
24/12/2010;40;T;25;T;;null
25/12/2010;33;T;31;T;;null
26/12/2010;46;T;41;T;;null
27/12/2010;83;T;74;T;;null
28/12/2010;69;T;69;T;;null
29/12/2010;51;T;67;T;;null
30/12/2010;55;T;73;T;;null
31/12/2010;47;T;57;T;;null
01/01/2011;35;T;53;T;;null
02/01/2011;26;T;32;T;;null
03/01/2011;36;T;31;T;;null
04/01/2011;51;T;40;T;;null
05/01/2011;62;T;58;T;;null
06/01/2011;45;T;30;T;;null
07/01/2011;55;T;32;T;;null
08/01/2011;46;T;31;T;;null
09/01/2011;26;T;16;T;;null
10/01/2011;53;T;48;T;;null
11/01/2011;36;T;21;T;;null
12/01/2011;46;T;49;T;;null
13/01/2011;38;T;48;T;;null
14/01/2011;45;T;56;T;;null
15/01/2011;40;T;50;T;;null
16/01/2011;34;T;44;T;;null
17/01/2011;50;T;41;T;;null
18/01/2011;31;T;22;T;;null
19/01/2011;36;T;27;T;;null
20/01/2011;31;T;30;T;;null
21/01/2011;42;T;37;T;;null
22/01/2011;32;T;28;T;;null
23/01/2011;32;T;25;T;;null
24/01/2011;38;T;32;T;;null
25/01/2011;41;T;37;T;;null
26/01/2011;42;T;42;T;;null
27/01/2011;41;T;42;T;;null
28/01/2011;38;T;35;T;;null
29/01/2011;33;T;17;T;;null
30/01/2011;32;T;25;T;;null
31/01/2011;43;T;38;T;;null
01/02/2011;44;T;48;T;;null
02/02/2011;47;T;45;T;;null
03/02/2011;47;T;44;T;;null
04/02/2011;45;T;46;T;;null
05/02/2011;48;T;64;T;;null
06/02/2011;41;T;63;T;;null
07/02/2011;58;T;73;T;;null
08/02/2011;62;T;86;T;;null
09/02/2011;51;T;37;T;;null
10/02/2011;56;T;45;T;;null
11/02/2011;47;T;47;T;;null
12/02/2011;30;T;29;T;;null
13/02/2011;28;T;22;T;;null
14/02/2011;33;T;21;T;;null
15/02/2011;36;T;19;T;;null
16/02/2011;30;T;16;T;;null
17/02/2011;36;T;16;T;;null
18/02/2011;43;T;23;T;;null
19/02/2011;35;T;30;T;;null
20/02/2011;36;T;26;T;;null
21/02/2011;28;T;20;T;;null
22/02/2011;27;T;18;T;;null
23/02/2011;29;T;27;T;;null
24/02/2011;41;T;42;T;;null
25/02/2011;38;T;44;T;;null
26/02/2011;30;T;27;T;;null
27/02/2011;20;T;18;T;;null
28/02/2011;30;T;20;T;;null
01/03/2011;36;T;25;T;;null
02/03/2011;37;T;34;T;;null
03/03/2011;38;T;45;T;;null
04/03/2011;39;T;42;T;;null
05/03/2011;43;T;35;T;;null
06/03/2011;34;T;42;T;;null
07/03/2011;43;T;65;T;;null
08/03/2011;-;N;-;N;;null
09/03/2011;-;N;-;N;;null
10/03/2011;27;T;46;T;;null
11/03/2011;37;T;63;T;;null
12/03/2011;32;T;36;T;;null
13/03/2011;26;T;20;T;;null
14/03/2011;54;T;45;T;;null
15/03/2011;36;T;26;T;;null
16/03/2011;31;T;16;T;;null
17/03/2011;37;T;22;T;;null
18/03/2011;45;T;34;T;;null
19/03/2011;30;T;30;T;;null
20/03/2011;18;T;22;T;;null
21/03/2011;33;T;33;T;;null
22/03/2011;42;T;43;T;;null
23/03/2011;50;T;43;T;;null
24/03/2011;44;T;32;T;;null
25/03/2011;41;T;24;T;;null
26/03/2011;42;T;30;T;;null
27/03/2011;29;T;18;T;;null
28/03/2011;43;T;25;T;;null
29/03/2011;38;T;21;T;;null
30/03/2011;37;T;31;T;;null
31/03/2011;42;T;46;T;;null
01/04/2011;43;T;42;T;;null
02/04/2011;28;T;32;T;;null
03/04/2011;26;T;18;T;;null
04/04/2011;34;T;30;T;;null
05/04/2011;48;T;58;T;;null
06/04/2011;56;T;68;T;;null
07/04/2011;59;T;93;T;;null
08/04/2011;64;T;89;T;;null
09/04/2011;29;T;63;T;;null
10/04/2011;16;T;27;T;;null
11/04/2011;23;T;30;T;;null
12/04/2011;23;T;26;T;;null
13/04/2011;33;T;42;T;;null
14/04/2011;35;T;43;T;;null
15/04/2011;34;T;34;T;;null
16/04/2011;28;T;33;T;;null
17/04/2011;32;T;51;T;;null
18/04/2011;47;T;60;T;;null
19/04/2011;37;T;33;T;;null
20/04/2011;41;T;39;T;;null
21/04/2011;26;T;28;T;;null
22/04/2011;22;T;21;T;;null
23/04/2011;19;T;24;T;;null
24/04/2011;19;T;28;T;;null
25/04/2011;25;T;32;T;;null
26/04/2011;37;T;59;T;;null
27/04/2011;35;T;63;T;;null
28/04/2011;29;T;50;T;;null
29/04/2011;30;T;43;T;;null
30/04/2011;23;T;39;T;;null
01/05/2011;22;T;33;T;;null
02/05/2011;21;T;28;T;;null
03/05/2011;33;T;33;T;;null
04/05/2011;34;T;38;T;;null
05/05/2011;33;T;36;T;;null
06/05/2011;35;T;38;T;;null
07/05/2011;28;T;29;T;;null
08/05/2011;15;T;21;T;;null
09/05/2011;17;T;31;T;;null
10/05/2011;10;T;29;T;;null
11/05/2011;25;T;28;T;;null
12/05/2011;23;T;29;T;;null
13/05/2011;27;T;34;T;;null
14/05/2011;20;T;23;T;;null
15/05/2011;18;T;22;T;;null
16/05/2011;23;T;26;T;;null
17/05/2011;27;T;36;T;;null
18/05/2011;26;T;33;T;;null
19/05/2011;23;T;34;T;;null
20/05/2011;21;T;32;T;;null
21/05/2011;21;T;33;T;;null
22/05/2011;11;T;24;T;;null
23/05/2011;21;T;36;T;;null
24/05/2011;18;T;27;T;;null
25/05/2011;31;T;31;T;;null
26/05/2011;22;T;24;T;;null
27/05/2011;22;T;28;T;;null
28/05/2011;17;T;25;T;;null
29/05/2011;22;T;33;T;;null
30/05/2011;25;T;27;T;;null
31/05/2011;28;T;24;T;;null
01/06/2011;22;T;27;T;;null
02/06/2011;22;T;35;T;;null
03/06/2011;31;T;38;T;;null
04/06/2011;31;T;41;T;;null
05/06/2011;17;T;47;T;;null
06/06/2011;26;T;30;T;;null
07/06/2011;27;T;20;T;;null
08/06/2011;22;T;29;T;;null
09/06/2011;28;T;31;T;;null
10/06/2011;24;T;24;T;;null
11/06/2011;21;T;25;T;;null
12/06/2011;23;T;32;T;;null
13/06/2011;23;T;34;T;;null
14/06/2011;19;T;31;T;;null
15/06/2011;20;T;31;T;;null
16/06/2011;22;T;33;T;;null
17/06/2011;27;T;37;T;;null
18/06/2011;14;T;26;T;;null
19/06/2011;21;T;34;T;;null
20/06/2011;29;T;43;T;;null
21/06/2011;21;T;34;T;;null
22/06/2011;19;T;28;T;;null
23/06/2011;21;T;32;T;;null
24/06/2011;24;T;39;T;;null
25/06/2011;35;T;48;T;;null
26/06/2011;36;T;47;T;;null
27/06/2011;31;T;61;T;;null
28/06/2011;24;T;22;T;;null
29/06/2011;22;T;26;T;;null
30/06/2011;20;T;24;T;;null
01/07/2011;24;T;31;T;;null
02/07/2011;27;T;40;T;;null
03/07/2011;18;T;42;T;;null
04/07/2011;32;T;50;T;;null
05/07/2011;27;T;35;T;;null
06/07/2011;17;T;28;T;;null
07/07/2011;21;T;31;T;;null
08/07/2011;26;T;27;T;;null
09/07/2011;16;T;25;T;;null
10/07/2011;11;T;17;T;;null
11/07/2011;25;T;26;T;;null
12/07/2011;29;T;25;T;;null
13/07/2011;35;T;28;T;;null
14/07/2011;29;T;34;T;;null
15/07/2011;-;N;-;N;;null
16/07/2011;-;N;-;N;;null
17/07/2011;-;N;-;N;;null
18/07/2011;-;N;-;N;;null
19/07/2011;17;T;16;T;;null
20/07/2011;18;T;16;T;;null
21/07/2011;15;T;13;T;;null
22/07/2011;21;T;22;T;;null
23/07/2011;19;T;21;T;;null
24/07/2011;14;T;16;T;;null
25/07/2011;19;T;15;T;;null
26/07/2011;15;T;12;T;;null
27/07/2011;16;T;17;T;;null
28/07/2011;16;T;19;T;;null
29/07/2011;23;T;26;T;;null
30/07/2011;19;T;22;T;;null
31/07/2011;18;T;26;T;;null
01/08/2011;26;T;33;T;;null
02/08/2011;29;T;25;T;;null
03/08/2011;31;T;27;T;;null
04/08/2011;34;T;26;T;;null
05/08/2011;20;T;15;T;;null
06/08/2011;19;T;16;T;;null
07/08/2011;16;T;13;T;;null
08/08/2011;18;T;20;T;;null
09/08/2011;18;T;22;T;;null
10/08/2011;18;T;21;T;;null
11/08/2011;25;T;23;T;;null
12/08/2011;34;T;33;T;;null
13/08/2011;25;T;28;T;;null
14/08/2011;26;T;25;T;;null
15/08/2011;11;T;13;T;;null
16/08/2011;15;T;17;T;;null
17/08/2011;23;T;17;T;;null
18/08/2011;17;T;15;T;;null
19/08/2011;23;T;18;T;;null
20/08/2011;39;T;35;T;;null
21/08/2011;32;T;34;T;;null
22/08/2011;31;T;18;T;;null
23/08/2011;25;T;17;T;;null
24/08/2011;26;T;18;T;;null
25/08/2011;25;T;20;T;;null
26/08/2011;23;T;18;T;;null
27/08/2011;23;T;22;T;;null
28/08/2011;16;T;20;T;;null
29/08/2011;19;T;17;T;;null
30/08/2011;36;T;27;T;;null
31/08/2011;34;T;30;T;;null
01/09/2011;40;T;26;T;;null
02/09/2011;31;T;29;T;;null
03/09/2011;26;T;27;T;;null
04/09/2011;19;T;15;T;;null
05/09/2011;28;T;27;T;;null
06/09/2011;33;T;32;T;;null
07/09/2011;30;T;27;T;;null
08/09/2011;23;T;26;T;;null
09/09/2011;29;T;30;T;;null
10/09/2011;24;T;34;T;;null
11/09/2011;27;T;27;T;;null
12/09/2011;36;T;26;T;;null
13/09/2011;27;T;28;T;;null
14/09/2011;24;T;20;T;;null
15/09/2011;39;T;32;T;;null
16/09/2011;30;T;23;T;;null
17/09/2011;30;T;17;T;;null
18/09/2011;27;T;16;T;;null
19/09/2011;37;T;21;T;;null
20/09/2011;49;T;39;T;;null
21/09/2011;44;T;34;T;;null
22/09/2011;35;T;25;T;;null
23/09/2011;51;T;32;T;;null
24/09/2011;37;T;31;T;;null
25/09/2011;39;T;31;T;;null
26/09/2011;49;T;41;T;;null
27/09/2011;65;T;47;T;;null
28/09/2011;67;T;43;T;;null
29/09/2011;75;T;44;T;;null
30/09/2011;80;T;47;T;;null
01/10/2011;66;T;37;T;;null
02/10/2011;61;T;38;T;;null
03/10/2011;71;T;61;T;;null
04/10/2011;46;T;59;T;;null
05/10/2011;55;T;66;T;;null
06/10/2011;38;T;32;T;;null
07/10/2011;30;T;23;T;;null
08/10/2011;31;T;21;T;;null
09/10/2011;28;T;16;T;;null
10/10/2011;55;T;44;T;;null
11/10/2011;69;T;48;T;;null
12/10/2011;34;T;35;T;;null
13/10/2011;37;T;31;T;;null
14/10/2011;53;T;51;T;;null
15/10/2011;52;T;46;T;;null
16/10/2011;47;T;38;T;;null
17/10/2011;67;T;65;T;;null
18/10/2011;51;T;59;T;;null
19/10/2011;38;T;25;T;;null
20/10/2011;38;T;16;T;;null
21/10/2011;46;T;27;T;;null
22/10/2011;58;T;43;T;;null
23/10/2011;31;T;27;T;;null
24/10/2011;31;T;11;T;;null
25/10/2011;57;T;16;T;;null
26/10/2011;27;T;11;T;;null
27/10/2011;45;T;20;T;;null
28/10/2011;48;T;22;T;;null
29/10/2011;45;T;26;T;;null
30/10/2011;43;T;29;T;;null
31/10/2011;57;T;29;T;;null
01/11/2011;44;T;26;T;;null
02/11/2011;52;T;21;T;;null
03/11/2011;56;T;18;T;;null
04/11/2011;50;T;16;T;;null
05/11/2011;42;T;12;T;;null
06/11/2011;34;T;13;T;;null
07/11/2011;48;T;26;T;;null
08/11/2011;51;T;37;T;;null
09/11/2011;54;T;34;T;;null
10/11/2011;54;T;29;T;;null
11/11/2011;56;T;27;T;;null
12/11/2011;66;T;45;T;;null
13/11/2011;35;T;24;T;;null
14/11/2011;53;T;23;T;;null
15/11/2011;49;T;20;T;;null
16/11/2011;48;T;18;T;;null
17/11/2011;50;T;36;T;;null
18/11/2011;50;T;31;T;;null
19/11/2011;44;T;20;T;;null
20/11/2011;42;T;25;T;;null
21/11/2011;46;T;36;T;;null
22/11/2011;52;T;15;T;;null
23/11/2011;58;T;35;T;;null
24/11/2011;55;T;40;T;;null
25/11/2011;60;T;41;T;;null
26/11/2011;48;T;40;T;;null
27/11/2011;42;T;36;T;;null
28/11/2011;55;T;48;T;;null
29/11/2011;52;T;37;T;;null
30/11/2011;61;T;41;T;;null
01/12/2011;50;T;31;T;;null
02/12/2011;53;T;15;T;;null
03/12/2011;49;T;17;T;;null
04/12/2011;35;T;10;T;;null
05/12/2011;44;T;10;T;;null
06/12/2011;38;T;15;T;;null
07/12/2011;60;T;26;T;;null
08/12/2011;48;T;34;T;;null
09/12/2011;68;T;41;T;;null
10/12/2011;49;T;38;T;;null
11/12/2011;40;T;17;T;;null
12/12/2011;64;T;31;T;;null
13/12/2011;79;T;40;T;;null
14/12/2011;31;T;12;T;;null
15/12/2011;51;T;23;T;;null
16/12/2011;23;T;16;T;;null
17/12/2011;35;T;13;T;;null
18/12/2011;38;T;13;T;;null
19/12/2011;55;T;25;T;;null
20/12/2011;46;T;24;T;;null
21/12/2011;47;T;30;T;;null
22/12/2011;47;T;33;T;;null
23/12/2011;49;T;32;T;;null
24/12/2011;47;T;34;T;;null
25/12/2011;41;T;35;T;;null
26/12/2011;60;T;56;T;;null
27/12/2011;74;T;62;T;;null
28/12/2011;56;T;38;T;;null
29/12/2011;62;T;30;T;;null
30/12/2011;57;T;31;T;;null
31/12/2011;53;T;31;T;;null
01/01/2012;45;T;32;T;;null
02/01/2012;38;T;18;T;;null
03/01/2012;53;T;25;T;;null
04/01/2012;44;T;23;T;;null
05/01/2012;54;T;36;T;;null
06/01/2012;43;T;20;T;;null
07/01/2012;31;T;15;T;;null
08/01/2012;31;T;16;T;;null
09/01/2012;46;T;31;T;;null
10/01/2012;53;T;41;T;;null
11/01/2012;53;T;46;T;;null
12/01/2012;51;T;40;T;;null
13/01/2012;60;T;57;T;;null
14/01/2012;54;T;55;T;;null
15/01/2012;55;T;33;T;;null
16/01/2012;56;T;19;T;;null
17/01/2012;61;T;40;T;;null
18/01/2012;65;T;36;T;;null
19/01/2012;61;T;27;T;;null
20/01/2012;52;T;21;T;;null
21/01/2012;37;T;16;T;;null
22/01/2012;40;T;18;T;;null
23/01/2012;38;T;20;T;;null
24/01/2012;41;T;16;T;;null
25/01/2012;54;T;47;T;;null
26/01/2012;53;T;24;T;;null
27/01/2012;55;T;27;T;;null
28/01/2012;48;T;21;T;;null
29/01/2012;43;T;28;T;;null
30/01/2012;58;T;44;T;;null
31/01/2012;59;T;33;T;;null
01/02/2012;39;T;15;T;;null
02/02/2012;39;T;33;T;;null
03/02/2012;55;T;36;T;;null
04/02/2012;53;T;29;T;;null
05/02/2012;33;T;13;T;;null
06/02/2012;30;T;9;T;;null
07/02/2012;27;T;11;T;;null
08/02/2012;54;T;26;T;;null
09/02/2012;46;T;40;T;;null
10/02/2012;46;T;42;T;;null
11/02/2012;48;T;38;T;;null
12/02/2012;55;T;40;T;;null
13/02/2012;64;T;31;T;;null
14/02/2012;45;T;17;T;;null
15/02/2012;55;T;27;T;;null
16/02/2012;50;T;22;T;;null
17/02/2012;48;T;27;T;;null
18/02/2012;40;T;35;T;;null
19/02/2012;44;T;26;T;;null
20/02/2012;50;T;31;T;;null
21/02/2012;54;T;43;T;;null
22/02/2012;67;T;58;T;;null
23/02/2012;69;T;62;T;;null
24/02/2012;63;T;59;T;;null
25/02/2012;44;T;45;T;;null
26/02/2012;34;T;39;T;;null
27/02/2012;39;T;32;T;;null
28/02/2012;55;T;53;T;;null
29/02/2012;60;T;63;T;;null
01/03/2012;61;T;67;T;;null
02/03/2012;64;T;62;T;;null
03/03/2012;56;T;54;T;;null
04/03/2012;37;T;25;T;;null
05/03/2012;43;T;24;T;;null
06/03/2012;51;T;28;T;;null
07/03/2012;47;T;32;T;;null
08/03/2012;33;T;29;T;;null
09/03/2012;50;T;39;T;;null
10/03/2012;46;T;45;T;;null
11/03/2012;33;T;33;T;;null
12/03/2012;39;T;47;T;;null
13/03/2012;50;T;50;T;;null
14/03/2012;66;T;72;T;;null
15/03/2012;73;T;72;T;;null
16/03/2012;63;T;72;T;;null
17/03/2012;48;T;46;T;;null
18/03/2012;23;T;9;T;;null
19/03/2012;47;T;21;T;;null
20/03/2012;45;T;25;T;;null
21/03/2012;56;T;43;T;;null
22/03/2012;59;T;45;T;;null
23/03/2012;71;T;63;T;;null
24/03/2012;62;T;46;T;;null
25/03/2012;51;T;55;T;;null
26/03/2012;65;T;68;T;;null
27/03/2012;69;T;76;T;;null
28/03/2012;68;T;75;T;;null
29/03/2012;41;T;81;T;;null
30/03/2012;52;T;70;T;;null
31/03/2012;40;T;49;T;;null
01/04/2012;25;T;44;T;;null
02/04/2012;32;T;52;T;;null
03/04/2012;37;T;28;T;;null
04/04/2012;39;T;21;T;;null
05/04/2012;26;T;12;T;;null
06/04/2012;26;T;23;T;;null
07/04/2012;29;T;34;T;;null
08/04/2012;27;T;21;T;;null
09/04/2012;25;T;26;T;;null
10/04/2012;37;T;22;T;;null
11/04/2012;38;T;17;T;;null
12/04/2012;27;T;12;T;;null
13/04/2012;36;T;10;T;;null
14/04/2012;29;T;10;T;;null
15/04/2012;24;T;14;T;;null
16/04/2012;33;T;24;T;;null
17/04/2012;37;T;18;T;;null
18/04/2012;36;T;10;T;;null
19/04/2012;31;T;11;T;;null
20/04/2012;34;T;15;T;;null
21/04/2012;38;T;17;T;;null
22/04/2012;25;T;15;T;;null
23/04/2012;28;T;16;T;;null
24/04/2012;32;T;19;T;;null
25/04/2012;23;T;13;T;;null
26/04/2012;46;T;24;T;;null
27/04/2012;35;T;22;T;;null
28/04/2012;36;T;14;T;;null
29/04/2012;24;T;10;T;;null
30/04/2012;34;T;14;T;;null
01/05/2012;26;T;14;T;;null
02/05/2012;39;T;19;T;;null
03/05/2012;43;T;22;T;;null
04/05/2012;42;T;26;T;;null
05/05/2012;30;T;13;T;;null
06/05/2012;23;T;14;T;;null
07/05/2012;42;T;30;T;;null
08/05/2012;44;T;32;T;;null
09/05/2012;-;N;-;N;;null
10/05/2012;-;N;-;N;;null
11/05/2012;27;T;24;T;;null
12/05/2012;15;T;17;T;;null
13/05/2012;13;T;27;T;;null
14/05/2012;28;T;35;T;;null
15/05/2012;20;T;26;T;;null
16/05/2012;25;T;28;T;;null
17/05/2012;32;T;40;T;;null
18/05/2012;25;T;30;T;;null
19/05/2012;24;T;15;T;;null
20/05/2012;15;T;10;T;;null
21/05/2012;27;T;15;T;;null
22/05/2012;25;T;24;T;;null
23/05/2012;30;T;37;T;;null
24/05/2012;34;T;54;T;;null
25/05/2012;33;T;44;T;;null
26/05/2012;18;T;21;T;;null
27/05/2012;21;T;20;T;;null
28/05/2012;34;T;35;T;;null
29/05/2012;25;T;29;T;;null
30/05/2012;27;T;26;T;;null
31/05/2012;23;T;36;T;;null
01/06/2012;46;T;39;T;;null
02/06/2012;23;T;26;T;;null
03/06/2012;15;T;18;T;;null
04/06/2012;27;T;33;T;;null
05/06/2012;29;T;26;T;;null
06/06/2012;27;T;21;T;;null
07/06/2012;22;T;18;T;;null
08/06/2012;23;T;18;T;;null
09/06/2012;30;T;28;T;;null
10/06/2012;15;T;16;T;;null
11/06/2012;21;T;16;T;;null
12/06/2012;20;T;13;T;;null
13/06/2012;22;T;22;T;;null
14/06/2012;27;T;24;T;;null
15/06/2012;27;T;26;T;;null
16/06/2012;17;T;16;T;;null
17/06/2012;21;T;20;T;;null
18/06/2012;20;T;11;T;;null
19/06/2012;24;T;12;T;;null
20/06/2012;32;T;26;T;;null
21/06/2012;21;T;21;T;;null
22/06/2012;21;T;28;T;;null
23/06/2012;25;T;37;T;;null
24/06/2012;30;T;53;T;;null
25/06/2012;29;T;41;T;;null
26/06/2012;29;T;50;T;;null
27/06/2012;47;T;52;T;;null
28/06/2012;26;T;30;T;;null
29/06/2012;23;T;22;T;;null
30/06/2012;22;T;16;T;;null
01/07/2012;16;T;18;T;;null
02/07/2012;36;T;34;T;;null
03/07/2012;33;T;33;T;;null
04/07/2012;23;T;24;T;;null
05/07/2012;21;T;14;T;;null
06/07/2012;24;T;18;T;;null
07/07/2012;20;T;17;T;;null
08/07/2012;15;T;14;T;;null
09/07/2012;24;T;19;T;;null
10/07/2012;23;T;17;T;;null
11/07/2012;24;T;16;T;;null
12/07/2012;28;T;22;T;;null
13/07/2012;26;T;18;T;;null
14/07/2012;18;T;16;T;;null
15/07/2012;14;T;17;T;;null
16/07/2012;24;T;29;T;;null
17/07/2012;42;T;44;T;;null
18/07/2012;22;T;31;T;;null
19/07/2012;19;T;26;T;;null
20/07/2012;19;T;16;T;;null
21/07/2012;15;T;15;T;;null
22/07/2012;12;T;14;T;;null
23/07/2012;19;T;20;T;;null
24/07/2012;-;N;29;T;;null
25/07/2012;-;N;37;T;;null
26/07/2012;40;T;31;T;;null
27/07/2012;24;T;31;T;;null
28/07/2012;16;T;16;T;;null
29/07/2012;16;T;23;T;;null
30/07/2012;24;T;29;T;;null
31/07/2012;25;T;29;T;;null
01/08/2012;16;T;26;T;;null
02/08/2012;17;T;20;T;;null
03/08/2012;26;T;28;T;;null
04/08/2012;17;T;22;T;;null
05/08/2012;10;T;10;T;;null
06/08/2012;17;T;15;T;;null
07/08/2012;21;T;21;T;;null
08/08/2012;43;T;35;T;;null
09/08/2012;34;T;41;T;;null
10/08/2012;39;T;38;T;;null
11/08/2012;26;T;30;T;;null
12/08/2012;18;T;24;T;;null
13/08/2012;23;T;22;T;;null
14/08/2012;27;T;19;T;;null
15/08/2012;18;T;16;T;;null
16/08/2012;31;T;26;T;;null
17/08/2012;38;T;23;T;;null
18/08/2012;22;T;24;T;;null
19/08/2012;18;T;19;T;;null
20/08/2012;21;T;24;T;;null
21/08/2012;22;T;26;T;;null
22/08/2012;15;T;13;T;;null
23/08/2012;22;T;19;T;;null
24/08/2012;21;T;18;T;;null
25/08/2012;12;T;14;T;;null
26/08/2012;22;T;20;T;;null
27/08/2012;32;T;27;T;;null
28/08/2012;26;T;23;T;;null
29/08/2012;22;T;22;T;;null
30/08/2012;21;T;20;T;;null
31/08/2012;18;T;20;T;;null
01/09/2012;19;T;18;T;;null
02/09/2012;17;T;19;T;;null
03/09/2012;20;T;19;T;;null
04/09/2012;24;T;19;T;;null
05/09/2012;24;T;23;T;;null
06/09/2012;31;T;33;T;;null
07/09/2012;44;T;42;T;;null
08/09/2012;38;T;38;T;;null
09/09/2012;17;T;51;T;;null
10/09/2012;29;T;41;T;;null
11/09/2012;29;T;35;T;;null
12/09/2012;24;T;17;T;;null
13/09/2012;25;T;16;T;;null
14/09/2012;28;T;18;T;;null
15/09/2012;28;T;20;T;;null
16/09/2012;36;T;28;T;;null
17/09/2012;36;T;31;T;;null
18/09/2012;22;T;21;T;;null
19/09/2012;18;T;14;T;;null
20/09/2012;61;T;38;T;;null
21/09/2012;37;T;37;T;;null
22/09/2012;43;T;29;T;;null
23/09/2012;36;T;23;T;;null
24/09/2012;36;T;12;T;;null
25/09/2012;41;T;12;T;;null
26/09/2012;31;T;13;T;;null
27/09/2012;37;T;17;T;;null
28/09/2012;39;T;20;T;;null
29/09/2012;26;T;12;T;;null
30/09/2012;25;T;15;T;;null
01/10/2012;40;T;23;T;;null
02/10/2012;40;T;23;T;;null
03/10/2012;43;T;25;T;;null
04/10/2012;59;T;28;T;;null
05/10/2012;75;T;38;T;;null
06/10/2012;74;T;43;T;;null
07/10/2012;43;T;30;T;;null
08/10/2012;44;T;29;T;;null
09/10/2012;45;T;28;T;;null
10/10/2012;50;T;38;T;;null
11/10/2012;35;T;16;T;;null
12/10/2012;26;T;13;T;;null
13/10/2012;35;T;22;T;;null
14/10/2012;25;T;15;T;;null
15/10/2012;43;T;15;T;;null
16/10/2012;33;T;13;T;;null
17/10/2012;35;T;13;T;;null
18/10/2012;48;T;14;T;;null
19/10/2012;46;T;16;T;;null
20/10/2012;41;T;21;T;;null
21/10/2012;35;T;20;T;;null
22/10/2012;53;T;33;T;;null
23/10/2012;54;T;35;T;;null
24/10/2012;64;T;46;T;;null
25/10/2012;55;T;30;T;;null
26/10/2012;42;T;20;T;;null
27/10/2012;25;T;14;T;;null
28/10/2012;30;T;15;T;;null
29/10/2012;51;T;24;T;;null
30/10/2012;57;T;32;T;;null
31/10/2012;59;T;24;T;;null
01/11/2012;27;T;11;T;;null
02/11/2012;68;T;23;T;;null
03/11/2012;51;T;20;T;;null
04/11/2012;38;T;16;T;;null
05/11/2012;38;T;11;T;;null
06/11/2012;50;T;25;T;;null
07/11/2012;50;T;28;T;;null
08/11/2012;61;T;42;T;;null
09/11/2012;53;T;38;T;;null
10/11/2012;40;T;17;T;;null
11/11/2012;38;T;11;T;;null
12/11/2012;55;T;29;T;;null
13/11/2012;57;T;31;T;;null
14/11/2012;57;T;50;T;;null
15/11/2012;79;T;69;T;;null
16/11/2012;66;T;52;T;;null
17/11/2012;47;T;28;T;;null
18/11/2012;33;T;21;T;;null
19/11/2012;59;T;43;T;;null
20/11/2012;53;T;36;T;;null
21/11/2012;47;T;26;T;;null
22/11/2012;67;T;46;T;;null
23/11/2012;57;T;43;T;;null
24/11/2012;23;T;17;T;;null
25/11/2012;46;T;35;T;;null
26/11/2012;48;T;14;T;;null
27/11/2012;44;T;12;T;;null
28/11/2012;47;T;13;T;;null
29/11/2012;59;T;17;T;;null
30/11/2012;53;T;14;T;;null
01/12/2012;55;T;18;T;;null
02/12/2012;49;T;23;T;;null
03/12/2012;60;T;25;T;;null
04/12/2012;44;T;14;T;;null
05/12/2012;55;T;23;T;;null
06/12/2012;61;T;52;T;;null
07/12/2012;57;T;33;T;;null
08/12/2012;52;T;43;T;;null
09/12/2012;52;T;40;T;;null
10/12/2012;72;T;60;T;;null
11/12/2012;64;T;74;T;;null
12/12/2012;70;T;71;T;;null
13/12/2012;72;T;47;T;;null
14/12/2012;54;T;22;T;;null
15/12/2012;51;T;27;T;;null
16/12/2012;52;T;33;T;;null
17/12/2012;58;T;41;T;;null
18/12/2012;76;T;57;T;;null
19/12/2012;53;T;40;T;;null
20/12/2012;55;T;26;T;;null
21/12/2012;55;T;36;T;;null
22/12/2012;72;T;54;T;;null
23/12/2012;67;T;62;T;;null
24/12/2012;34;T;29;T;;null
25/12/2012;33;T;14;T;;null
26/12/2012;60;T;36;T;;null
27/12/2012;62;T;33;T;;null
28/12/2012;76;T;66;T;;null
29/12/2012;44;T;27;T;;null
30/12/2012;55;T;27;T;;null
31/12/2012;55;T;33;T;;null
01/01/2013;40;T;17;T;;null
02/01/2013;54;T;25;T;;null
03/01/2013;59;T;57;T;;null
04/01/2013;72;T;74;T;;null
05/01/2013;55;T;68;T;;null
06/01/2013;45;T;60;T;;null
07/01/2013;55;T;60;T;;null
08/01/2013;83;T;83;T;;null
09/01/2013;77;T;70;T;;null
10/01/2013;71;T;43;T;;null
11/01/2013;63;T;39;T;;null
12/01/2013;47;T;25;T;;null
13/01/2013;31;T;17;T;;null
14/01/2013;44;T;19;T;;null
15/01/2013;35;T;17;T;;null
16/01/2013;36;T;15;T;;null
17/01/2013;51;T;18;T;;null
18/01/2013;68;T;25;T;;null
19/01/2013;30;T;19;T;;null
20/01/2013;29;T;17;T;;null
21/01/2013;44;T;23;T;;null
22/01/2013;34;T;14;T;;null
23/01/2013;48;T;20;T;;null
24/01/2013;44;T;22;T;;null
25/01/2013;65;T;32;T;;null
26/01/2013;58;T;39;T;;null
27/01/2013;48;T;24;T;;null
28/01/2013;58;T;38;T;;null
29/01/2013;74;T;44;T;;null
30/01/2013;69;T;40;T;;null
31/01/2013;60;T;39;T;;null
01/02/2013;48;T;28;T;;null
02/02/2013;18;T;22;T;;null
03/02/2013;25;T;23;T;;null
04/02/2013;45;T;27;T;;null
05/02/2013;24;T;19;T;;null
06/02/2013;18;T;23;T;;null
07/02/2013;27;T;24;T;;null
08/02/2013;21;T;26;T;;null
09/02/2013;34;T;27;T;;null
10/02/2013;34;T;20;T;;null
11/02/2013;27;T;15;T;;null
12/02/2013;35;T;17;T;;null
13/02/2013;52;T;27;T;;null
14/02/2013;41;T;27;T;;null
15/02/2013;50;T;29;T;;null
16/02/2013;46;T;49;T;;null
17/02/2013;52;T;47;T;;null
18/02/2013;57;T;36;T;;null
19/02/2013;64;T;51;T;;null
20/02/2013;50;T;52;T;;null
21/02/2013;52;T;43;T;;null
22/02/2013;33;T;20;T;;null
23/02/2013;15;T;31;T;;null
24/02/2013;13;T;21;T;;null
25/02/2013;20;T;24;T;;null
26/02/2013;19;T;22;T;;null
27/02/2013;19;T;29;T;;null
28/02/2013;27;T;44;T;;null
01/03/2013;30;T;52;T;;null
02/03/2013;23;T;44;T;;null
03/03/2013;40;T;61;T;;null
04/03/2013;56;T;40;T;;null
05/03/2013;45;T;24;T;;null
06/03/2013;56;T;34;T;;null
07/03/2013;42;T;31;T;;null
08/03/2013;51;T;30;T;;null
09/03/2013;31;T;19;T;;null
10/03/2013;28;T;15;T;;null
11/03/2013;35;T;17;T;;null
12/03/2013;27;T;12;T;;null
13/03/2013;18;T;17;T;;null
14/03/2013;17;T;18;T;;null
15/03/2013;28;T;26;T;;null
16/03/2013;48;T;36;T;;null
17/03/2013;29;T;21;T;;null
18/03/2013;21;T;16;T;;null
19/03/2013;33;T;22;T;;null
20/03/2013;21;T;22;T;;null
21/03/2013;52;T;40;T;;null
22/03/2013;39;T;25;T;;null
23/03/2013;39;T;31;T;;null
24/03/2013;37;T;22;T;;null
25/03/2013;57;T;22;T;;null
26/03/2013;42;T;19;T;;null
27/03/2013;32;T;22;T;;null
28/03/2013;24;T;24;T;;null
29/03/2013;40;T;24;T;;null
30/03/2013;23;T;22;T;;null
31/03/2013;23;T;23;T;;null
01/04/2013;21;T;13;T;;null
02/04/2013;25;T;19;T;;null
03/04/2013;30;T;25;T;;null
04/04/2013;18;T;38;T;;null
05/04/2013;14;T;21;T;;null
06/04/2013;16;T;29;T;;null
07/04/2013;19;T;30;T;;null
08/04/2013;29;T;16;T;;null
09/04/2013;21;T;20;T;;null
10/04/2013;37;T;23;T;;null
11/04/2013;27;T;16;T;;null
12/04/2013;24;T;25;T;;null
13/04/2013;29;T;31;T;;null
14/04/2013;24;T;35;T;;null
15/04/2013;28;T;40;T;;null
16/04/2013;31;T;41;T;;null
17/04/2013;30;T;44;T;;null
18/04/2013;13;T;25;T;;null
19/04/2013;13;T;23;T;;null
20/04/2013;11;T;25;T;;null
21/04/2013;8;T;20;T;;null
22/04/2013;16;T;28;T;;null
23/04/2013;18;T;27;T;;null
24/04/2013;40;T;42;T;;null
25/04/2013;35;T;52;T;;null
26/04/2013;22;T;23;T;;null
27/04/2013;20;T;15;T;;null
28/04/2013;11;T;16;T;;null
29/04/2013;20;T;28;T;;null
30/04/2013;36;T;20;T;;null
01/05/2013;20;T;14;T;;null
02/05/2013;32;T;41;T;;null
03/05/2013;23;T;38;T;;null
04/05/2013;26;T;43;T;;null
05/05/2013;36;T;41;T;;null
06/05/2013;36;T;43;T;;null
07/05/2013;38;T;34;T;;null
08/05/2013;24;T;31;T;;null
09/05/2013;22;T;26;T;;null
10/05/2013;16;T;28;T;;null
11/05/2013;8;T;23;T;;null
12/05/2013;7;T;24;T;;null
13/05/2013;16;T;31;T;;null
14/05/2013;19;T;27;T;;null
15/05/2013;13;T;21;T;;null
16/05/2013;9;T;15;T;;null
17/05/2013;13;T;15;T;;null
18/05/2013;9;T;13;T;;null
19/05/2013;9;T;17;T;;null
20/05/2013;9;T;23;T;;null
21/05/2013;7;T;21;T;;null
22/05/2013;9;T;22;T;;null
23/05/2013;9;T;26;T;;null
24/05/2013;10;T;31;T;;null
25/05/2013;9;T;28;T;;null
26/05/2013;8;T;25;T;;null
27/05/2013;13;T;29;T;;null
28/05/2013;10;T;19;T;;null
29/05/2013;11;T;20;T;;null
30/05/2013;12;T;26;T;;null
31/05/2013;11;T;27;T;;null
01/06/2013;9;T;23;T;;null
02/06/2013;8;T;22;T;;null
03/06/2013;11;T;27;T;;null
04/06/2013;14;T;32;T;;null
05/06/2013;16;T;47;T;;null
06/06/2013;20;T;50;T;;null
07/06/2013;32;T;30;T;;null
08/06/2013;27;T;20;T;;null
09/06/2013;15;T;22;T;;null
10/06/2013;29;T;31;T;;null
11/06/2013;35;T;37;T;;null
12/06/2013;24;T;31;T;;null
13/06/2013;21;T;22;T;;null
14/06/2013;24;T;26;T;;null
15/06/2013;20;T;32;T;;null
16/06/2013;18;T;35;T;;null
17/06/2013;20;T;21;T;;null
18/06/2013;25;T;25;T;;null
19/06/2013;23;T;19;T;;null
20/06/2013;20;T;26;T;;null
21/06/2013;21;T;22;T;;null
22/06/2013;18;T;26;T;;null
23/06/2013;9;T;29;T;;null
24/06/2013;15;T;37;T;;null
25/06/2013;12;T;30;T;;null
26/06/2013;15;T;29;T;;null
27/06/2013;22;T;30;T;;null
28/06/2013;22;T;34;T;;null
29/06/2013;-;N;-;N;;null
30/06/2013;-;N;-;N;;null
01/07/2013;-;N;-;N;;null
02/07/2013;-;N;-;N;;null
03/07/2013;10;T;20;T;;null
04/07/2013;16;T;39;T;;null
05/07/2013;13;T;29;T;;null
06/07/2013;14;T;30;T;;null
07/07/2013;20;T;31;T;;null
08/07/2013;26;T;41;T;;null
09/07/2013;28;T;53;T;;null
10/07/2013;23;T;61;T;;null
11/07/2013;22;T;52;T;;null
12/07/2013;24;T;61;T;;null
13/07/2013;20;T;67;T;;null
14/07/2013;16;T;50;T;;null
15/07/2013;20;T;41;T;;null
16/07/2013;32;T;51;T;;null
17/07/2013;33;T;64;T;;null
18/07/2013;23;T;43;T;;null
19/07/2013;31;T;51;T;;null
20/07/2013;22;T;55;T;;null
21/07/2013;14;T;50;T;;null
22/07/2013;17;T;47;T;;null
23/07/2013;25;T;39;T;;null
24/07/2013;27;T;41;T;;null
25/07/2013;24;T;35;T;;null
26/07/2013;23;T;32;T;;null
27/07/2013;18;T;26;T;;null
28/07/2013;19;T;25;T;;null
29/07/2013;22;T;-;N;;null
30/07/2013;23;T;-;N;;null
31/07/2013;24;T;35;T;;null
01/08/2013;25;T;48;T;;null
02/08/2013;23;T;32;T;;null
03/08/2013;23;T;29;T;;null
04/08/2013;26;T;32;T;;null
05/08/2013;24;T;38;T;;null
06/08/2013;20;T;31;T;;null
07/08/2013;19;T;20;T;;null
08/08/2013;19;T;22;T;;null
09/08/2013;26;T;36;T;;null
10/08/2013;14;T;26;T;;null
11/08/2013;8;T;23;T;;null
12/08/2013;12;T;19;T;;null
13/08/2013;13;T;22;T;;null
14/08/2013;12;T;25;T;;null
15/08/2013;14;T;29;T;;null
16/08/2013;24;T;41;T;;null
17/08/2013;32;T;46;T;;null
18/08/2013;18;T;36;T;;null
19/08/2013;15;T;24;T;;null
20/08/2013;18;T;24;T;;null
21/08/2013;34;T;42;T;;null
22/08/2013;24;T;48;T;;null
23/08/2013;19;T;44;T;;null
24/08/2013;12;T;25;T;;null
25/08/2013;13;T;22;T;;null
26/08/2013;23;T;26;T;;null
27/08/2013;22;T;25;T;;null
28/08/2013;23;T;30;T;;null
29/08/2013;27;T;33;T;;null
30/08/2013;22;T;32;T;;null
31/08/2013;17;T;25;T;;null
01/09/2013;15;T;27;T;;null
02/09/2013;25;T;30;T;;null
03/09/2013;52;T;50;T;;null
04/09/2013;51;T;52;T;;null
05/09/2013;43;T;49;T;;null
06/09/2013;30;T;36;T;;null
07/09/2013;21;T;17;T;;null
08/09/2013;20;T;22;T;;null
09/09/2013;18;T;19;T;;null
10/09/2013;21;T;22;T;;null
11/09/2013;21;T;22;T;;null
12/09/2013;24;T;24;T;;null
13/09/2013;24;T;23;T;;null
14/09/2013;16;T;25;T;;null
15/09/2013;18;T;23;T;;null
16/09/2013;26;T;26;T;;null
17/09/2013;26;T;26;T;;null
18/09/2013;21;T;19;T;;null
19/09/2013;20;T;20;T;;null
20/09/2013;25;T;27;T;;null
21/09/2013;19;T;22;T;;null
22/09/2013;36;T;42;T;;null
23/09/2013;47;T;39;T;;null
24/09/2013;42;T;42;T;;null
25/09/2013;46;T;55;T;;null
26/09/2013;48;T;58;T;;null
27/09/2013;30;T;27;T;;null
28/09/2013;32;T;23;T;;null
29/09/2013;20;T;20;T;;null
30/09/2013;33;T;31;T;;null
01/10/2013;30;T;30;T;;null
02/10/2013;33;T;37;T;;null
03/10/2013;35;T;23;T;;null
04/10/2013;36;T;31;T;;null
05/10/2013;21;T;23;T;;null
06/10/2013;22;T;24;T;;null
07/10/2013;28;T;25;T;;null
08/10/2013;32;T;-;N;;null
09/10/2013;30;T;30;T;;null
10/10/2013;29;T;31;T;;null
11/10/2013;25;T;22;T;;null
12/10/2013;30;T;28;T;;null
13/10/2013;35;T;35;T;;null
14/10/2013;40;T;39;T;;null
15/10/2013;36;T;32;T;;null
16/10/2013;26;T;28;T;;null
17/10/2013;14;T;39;T;;null
18/10/2013;7;T;40;T;;null
19/10/2013;11;T;31;T;;null
20/10/2013;11;T;29;T;;null
21/10/2013;15;T;23;T;;null
22/10/2013;29;T;21;T;;null
23/10/2013;55;T;30;T;;null
24/10/2013;30;T;21;T;;null
25/10/2013;56;T;38;T;;null
26/10/2013;42;T;31;T;;null
27/10/2013;23;T;23;T;;null
28/10/2013;23;T;21;T;;null
29/10/2013;37;T;18;T;;null
30/10/2013;49;T;29;T;;null
31/10/2013;63;T;38;T;;null
01/11/2013;56;T;43;T;;null
02/11/2013;37;T;17;T;;null
03/11/2013;29;T;18;T;;null
04/11/2013;34;T;13;T;;null
05/11/2013;28;T;15;T;;null
06/11/2013;42;T;31;T;;null
07/11/2013;47;T;40;T;;null
08/11/2013;38;T;19;T;;null
09/11/2013;38;T;18;T;;null
10/11/2013;26;T;20;T;;null
11/11/2013;38;T;24;T;;null
12/11/2013;43;T;31;T;;null
13/11/2013;40;T;33;T;;null
14/11/2013;43;T;33;T;;null
15/11/2013;41;T;24;T;;null
16/11/2013;-;N;-;N;;null
17/11/2013;34;T;28;T;;null
18/11/2013;44;T;25;T;;null
19/11/2013;32;T;20;T;;null
20/11/2013;43;T;20;T;;null
21/11/2013;33;T;14;T;;null
22/11/2013;49;T;21;T;;null
23/11/2013;45;T;26;T;;null
24/11/2013;43;T;26;T;;null
25/11/2013;42;T;23;T;;null
26/11/2013;49;T;26;T;;null
27/11/2013;50;T;28;T;;null
28/11/2013;50;T;31;T;;null
29/11/2013;53;T;41;T;;null
30/11/2013;49;T;29;T;;null
01/12/2013;40;T;29;T;;null
02/12/2013;49;T;34;T;;null
03/12/2013;-;M;-;M;;null
04/12/2013;-;M;-;M;;null
05/12/2013;45;T;40;T;;null
06/12/2013;34;T;33;T;;null
07/12/2013;53;T;51;T;;null
08/12/2013;59;T;55;T;;null
09/12/2013;60;T;59;T;;null
10/12/2013;90;T;78;T;;null
11/12/2013;87;T;115;T;;null
12/12/2013;109;T;105;T;;null
13/12/2013;68;T;67;T;;null
14/12/2013;61;T;51;T;;null
15/12/2013;62;T;54;T;;null
16/12/2013;94;T;82;T;;null
17/12/2013;70;T;64;T;;null
18/12/2013;53;T;41;T;;null
19/12/2013;48;T;20;T;;null
20/12/2013;57;T;37;T;;null
21/12/2013;64;T;43;T;;null
22/12/2013;62;T;47;T;;null
23/12/2013;49;T;35;T;;null
24/12/2013;31;T;15;T;;null
25/12/2013;17;T;13;T;;null
26/12/2013;55;T;34;T;;null
27/12/2013;62;T;34;T;;null
28/12/2013;21;T;13;T;;null
29/12/2013;50;T;35;T;;null
30/12/2013;61;T;40;T;;null
01/01/2014;31;T;21;T;;null
02/01/2014;64;T;44;T;;null
03/01/2014;56;T;38;T;;null
04/01/2014;39;T;21;T;;null
05/01/2014;42;T;23;T;;null
06/01/2014;25;T;25;T;;null
07/01/2014;56;T;53;T;;null
08/01/2014;46;T;34;T;;null
09/01/2014;36;T;31;T;;null
10/01/2014;31;T;34;T;;null
11/01/2014;35;T;29;T;;null
12/01/2014;38;T;38;T;;null
13/01/2014;45;T;22;T;;null
14/01/2014;38;T;19;T;;null
15/01/2014;46;T;28;T;;null
16/01/2014;53;T;25;T;;null
17/01/2014;20;T;12;T;;null
18/01/2014;41;T;23;T;;null
19/01/2014;24;T;13;T;;null
20/01/2014;41;T;22;T;;null
21/01/2014;59;T;27;T;;null
22/01/2014;43;T;17;T;;null
23/01/2014;47;T;25;T;;null
24/01/2014;38;T;23;T;;null
25/01/2014;29;T;14;T;;null
26/01/2014;27;T;20;T;;null
27/01/2014;25;T;15;T;;null
28/01/2014;29;T;18;T;;null
29/01/2014;38;T;14;T;;null
30/01/2014;40;T;15;T;;null
31/01/2014;55;T;30;T;;null
01/02/2014;24;T;18;T;;null
02/02/2014;27;T;22;T;;null
03/02/2014;30;T;15;T;;null
04/02/2014;45;T;21;T;;null
05/02/2014;35;T;23;T;;null
06/02/2014;17;T;14;T;;null
07/02/2014;48;T;22;T;;null
08/02/2014;17;T;15;T;;null
09/02/2014;21;T;12;T;;null
10/02/2014;38;T;18;T;;null
11/02/2014;42;T;25;T;;null
12/02/2014;60;T;36;T;;null
13/02/2014;32;T;21;T;;null
14/02/2014;42;T;28;T;;null
15/02/2014;20;T;10;T;;null
16/02/2014;33;T;24;T;;null
17/02/2014;36;T;25;T;;null
18/02/2014;44;T;36;T;;null
19/02/2014;45;T;36;T;;null
20/02/2014;40;T;37;T;;null
21/02/2014;34;T;20;T;;null
22/02/2014;39;T;34;T;;null
23/02/2014;41;T;41;T;;null
24/02/2014;46;T;35;T;;null
25/02/2014;41;T;24;T;;null
26/02/2014;37;T;26;T;;null
27/02/2014;30;T;37;T;;null
28/02/2014;26;T;20;T;;null
01/03/2014;42;T;16;T;;null
02/03/2014;22;T;13;T;;null
03/03/2014;18;T;17;T;;null
04/03/2014;28;T;17;T;;null
05/03/2014;25;T;23;T;;null
06/03/2014;36;T;36;T;;null
07/03/2014;41;T;44;T;;null
08/03/2014;53;T;45;T;;null
09/03/2014;43;T;34;T;;null
10/03/2014;59;T;46;T;;null
11/03/2014;46;T;53;T;;null
12/03/2014;53;T;74;T;;null
13/03/2014;61;T;75;T;;null
14/03/2014;53;T;81;T;;null
16/03/2014;33;T;60;T;;null
17/03/2014;43;T;53;T;;null
18/03/2014;33;T;37;T;;null
19/03/2014;35;T;25;T;;null
20/03/2014;42;T;50;T;;null
21/03/2014;44;T;30;T;;null
22/03/2014;28;T;-;N;;null
23/03/2014;23;T;-;N;;null
24/03/2014;41;T;-;N;;null
25/03/2014;19;T;18;T;;null
26/03/2014;24;T;17;T;;null
27/03/2014;33;T;18;T;;null
28/03/2014;34;T;26;T;;null
29/03/2014;42;T;29;T;;null
30/03/2014;25;T;13;T;;null
31/03/2014;33;T;16;T;;null
01/04/2014;12;T;7;T;;null
02/04/2014;30;T;11;T;;null
03/04/2014;38;T;12;T;;null
04/04/2014;49;T;21;T;;null
05/04/2014;38;T;22;T;;null
06/04/2014;26;T;18;T;;null
07/04/2014;27;T;21;T;;null
08/04/2014;23;T;16;T;;null
09/04/2014;25;T;28;T;;null
10/04/2014;42;T;41;T;;null
11/04/2014;24;T;25;T;;null
12/04/2014;21;T;28;T;;null
13/04/2014;19;T;35;T;;null
14/04/2014;22;T;37;T;;null
15/04/2014;39;T;56;T;;null
16/04/2014;42;T;58;T;;null
17/04/2014;23;T;51;T;;null
18/04/2014;24;T;35;T;;null
19/04/2014;27;T;28;T;;null
20/04/2014;17;T;13;T;;null
21/04/2014;28;T;17;T;;null
22/04/2014;31;T;20;T;;null
23/04/2014;25;T;19;T;;null
24/04/2014;27;T;14;T;;null
25/04/2014;41;T;17;T;;null
26/04/2014;23;T;17;T;;null
27/04/2014;14;T;15;T;;null
28/04/2014;18;T;17;T;;null
29/04/2014;23;T;16;T;;null
30/04/2014;22;T;15;T;;null
01/05/2014;11;T;10;T;;null
02/05/2014;18;T;13;T;;null
03/05/2014;14;T;14;T;;null
04/05/2014;19;T;24;T;;null
05/05/2014;34;T;38;T;;null
06/05/2014;32;T;32;T;;null
07/05/2014;28;T;30;T;;null
08/05/2014;19;T;20;T;;null
09/05/2014;31;T;33;T;;null
10/05/2014;17;T;19;T;;null
11/05/2014;8;T;16;T;;null
12/05/2014;22;T;22;T;;null
13/05/2014;18;T;15;T;;null
14/05/2014;19;T;17;T;;null
15/05/2014;19;T;21;T;;null
16/05/2014;27;T;21;T;;null
17/05/2014;23;T;22;T;;null
18/05/2014;27;T;28;T;;null
19/05/2014;26;T;24;T;;null
20/05/2014;26;T;11;T;;null
21/05/2014;24;T;9;T;;null
22/05/2014;22;T;12;T;;null
23/05/2014;21;T;13;T;;null
24/05/2014;18;T;15;T;;null
25/05/2014;17;T;11;T;;null
26/05/2014;22;T;15;T;;null
27/05/2014;32;T;21;T;;null
28/05/2014;27;T;15;T;;null
29/05/2014;31;T;17;T;;null
30/05/2014;22;T;18;T;;null
31/05/2014;26;T;20;T;;null
01/06/2014;17;T;20;T;;null
02/06/2014;24;T;29;T;;null
03/06/2014;24;T;28;T;;null
04/06/2014;18;T;16;T;;null
05/06/2014;32;T;23;T;;null
06/06/2014;28;T;20;T;;null
07/06/2014;30;T;20;T;;null
08/06/2014;24;T;23;T;;null
09/06/2014;24;T;22;T;;null
10/06/2014;15;T;20;T;;null
11/06/2014;17;T;26;T;;null
12/06/2014;25;T;37;T;;null
13/06/2014;37;T;47;T;;null
14/06/2014;20;T;38;T;;null
15/06/2014;17;T;24;T;;null
16/06/2014;17;T;23;T;;null
17/06/2014;22;T;26;T;;null
18/06/2014;17;T;25;T;;null
19/06/2014;20;T;28;T;;null
20/06/2014;26;T;40;T;;null
21/06/2014;22;T;28;T;;null
22/06/2014;19;T;25;T;;null
23/06/2014;33;T;35;T;;null
24/06/2014;26;T;29;T;;null
25/06/2014;19;T;30;T;;null
26/06/2014;26;T;27;T;;null
27/06/2014;24;T;20;T;;null
28/06/2014;20;T;16;T;;null
29/06/2014;14;T;-;N;;null
30/06/2014;23;T;25;T;;null
01/07/2014;23;T;17;T;;null
02/07/2014;24;T;16;T;;null
03/07/2014;24;T;20;T;;null
04/07/2014;27;T;34;T;;null
05/07/2014;26;T;29;T;;null
06/07/2014;14;T;17;T;;null
07/07/2014;15;T;16;T;;null
08/07/2014;17;T;15;T;;null
09/07/2014;17;T;22;T;;null
10/07/2014;25;T;29;T;;null
11/07/2014;25;T;26;T;;null
12/07/2014;16;T;23;T;;null
13/07/2014;11;T;20;T;;null
14/07/2014;18;T;24;T;;null
15/07/2014;14;T;25;T;;null
16/07/2014;18;T;25;T;;null
17/07/2014;21;T;32;T;;null
18/07/2014;21;T;30;T;;null
19/07/2014;15;T;24;T;;null
20/07/2014;2;T;16;T;;null
21/07/2014;11;T;23;T;;null
22/07/2014;17;T;22;T;;null
23/07/2014;28;T;32;T;;null
24/07/2014;25;T;38;T;;null
25/07/2014;34;T;34;T;;null
26/07/2014;19;T;33;T;;null
27/07/2014;14;T;33;T;;null
28/07/2014;20;T;28;T;;null
29/07/2014;22;T;21;T;;null
30/07/2014;19;T;20;T;;null
31/07/2014;18;T;22;T;;null
01/08/2014;26;T;27;T;;null
02/08/2014;30;T;21;T;;null
03/08/2014;20;T;16;T;;null
04/08/2014;26;T;22;T;;null
05/08/2014;30;T;30;T;;null
06/08/2014;29;T;30;T;;null
07/08/2014;25;T;25;T;;null
08/08/2014;19;T;21;T;;null
09/08/2014;21;T;17;T;;null
10/08/2014;16;T;16;T;;null
11/08/2014;20;T;24;T;;null
12/08/2014;24;T;21;T;;null
13/08/2014;17;T;18;T;;null
14/08/2014;18;T;20;T;;null
15/08/2014;16;T;18;T;;null
16/08/2014;19;T;18;T;;null
17/08/2014;18;T;18;T;;null
18/08/2014;24;T;25;T;;null
19/08/2014;23;T;22;T;;null
20/08/2014;26;T;20;T;;null
21/08/2014;19;T;21;T;;null
22/08/2014;19;T;18;T;;null
23/08/2014;17;T;19;T;;null
24/08/2014;20;T;25;T;;null
25/08/2014;28;T;30;T;;null
26/08/2014;18;T;23;T;;null
27/08/2014;18;T;24;T;;null
28/08/2014;19;T;23;T;;null
29/08/2014;17;T;25;T;;null
30/08/2014;13;T;22;T;;null
31/08/2014;12;T;20;T;;null
01/09/2014;16;T;27;T;;null
02/09/2014;23;T;38;T;;null
03/09/2014;24;T;46;T;;null
04/09/2014;20;T;41;T;;null
05/09/2014;25;T;38;T;;null
06/09/2014;27;T;34;T;;null
07/09/2014;24;T;31;T;;null
08/09/2014;20;T;30;T;;null
09/09/2014;24;T;36;T;;null
10/09/2014;32;T;45;T;;null
11/09/2014;27;T;39;T;;null
12/09/2014;28;T;45;T;;null
13/09/2014;29;T;43;T;;null
14/09/2014;23;T;29;T;;null
15/09/2014;31;T;30;T;;null
16/09/2014;26;T;26;T;;null
17/09/2014;18;T;14;T;;null
18/09/2014;22;T;18;T;;null
19/09/2014;27;T;17;T;;null
20/09/2014;26;T;27;T;;null
21/09/2014;19;T;30;T;;null
22/09/2014;25;T;29;T;;null
23/09/2014;22;T;36;T;;null
24/09/2014;24;T;51;T;;null
25/09/2014;23;T;49;T;;null
26/09/2014;31;T;36;T;;null
27/09/2014;42;T;42;T;;null
28/09/2014;37;T;28;T;;null
29/09/2014;34;T;32;T;;null
30/09/2014;35;T;35;T;;null
01/10/2014;36;T;35;T;;null
02/10/2014;35;T;39;T;;null
03/10/2014;46;T;49;T;;null
04/10/2014;30;T;29;T;;null
05/10/2014;22;T;24;T;;null
06/10/2014;34;T;21;T;;null
07/10/2014;40;T;29;T;;null
08/10/2014;34;T;29;T;;null
09/10/2014;33;T;26;T;;null
10/10/2014;35;T;34;T;;null
11/10/2014;31;T;36;T;;null
12/10/2014;22;T;21;T;;null
13/10/2014;19;T;20;T;;null
14/10/2014;37;T;24;T;;null
15/10/2014;45;T;25;T;;null
16/10/2014;42;T;21;T;;null
17/10/2014;22;T;20;T;;null
18/10/2014;23;T;21;T;;null
19/10/2014;25;T;29;T;;null
20/10/2014;42;T;50;T;;null
21/10/2014;28;T;44;T;;null
22/10/2014;34;T;38;T;;null
23/10/2014;54;T;44;T;;null
24/10/2014;49;T;52;T;;null
25/10/2014;43;T;64;T;;null
26/10/2014;37;T;61;T;;null
27/10/2014;45;T;65;T;;null
28/10/2014;52;T;49;T;;null
29/10/2014;50;T;60;T;;null
30/10/2014;54;T;66;T;;null
31/10/2014;56;T;53;T;;null
01/11/2014;32;T;32;T;;null
02/11/2014;30;T;30;T;;null
03/11/2014;40;T;24;T;;null
04/11/2014;32;T;18;T;;null
05/11/2014;38;T;21;T;;null
06/11/2014;50;T;32;T;;null
07/11/2014;34;T;23;T;;null
08/11/2014;39;T;24;T;;null
09/11/2014;29;T;18;T;;null
10/11/2014;24;T;22;T;;null
11/11/2014;33;T;16;T;;null
12/11/2014;46;T;30;T;;null
13/11/2014;34;T;32;T;;null
14/11/2014;49;T;33;T;;null
15/11/2014;31;T;19;T;;null
16/11/2014;16;T;14;T;;null
17/11/2014;37;T;22;T;;null
18/11/2014;44;T;37;T;;null
19/11/2014;42;T;38;T;;null
20/11/2014;49;T;63;T;;null
21/11/2014;53;T;70;T;;null
22/11/2014;34;T;56;T;;null
23/11/2014;24;T;22;T;;null
24/11/2014;30;T;18;T;;null
25/11/2014;31;T;23;T;;null
26/11/2014;36;T;32;T;;null
27/11/2014;34;T;28;T;;null
28/11/2014;53;T;32;T;;null
29/11/2014;36;T;25;T;;null
30/11/2014;21;T;39;T;;null
01/12/2014;31;T;32;T;;null
02/12/2014;36;T;26;T;;null
03/12/2014;29;T;21;T;;null
04/12/2014;32;T;20;T;;null
05/12/2014;40;T;23;T;;null
06/12/2014;33;T;20;T;;null
07/12/2014;29;T;23;T;;null
08/12/2014;30;T;23;T;;null
09/12/2014;39;T;30;T;;null
10/12/2014;40;T;24;T;;null
11/12/2014;36;T;30;T;;null
12/12/2014;40;T;52;T;;null
13/12/2014;32;T;16;T;;null
14/12/2014;26;T;20;T;;null
15/12/2014;36;T;33;T;;null
16/12/2014;34;T;16;T;;null
17/12/2014;41;T;31;T;;null
18/12/2014;38;T;35;T;;null
19/12/2014;39;T;36;T;;null
20/12/2014;37;T;34;T;;null
21/12/2014;24;T;29;T;;null
22/12/2014;34;T;40;T;;null
23/12/2014;47;T;58;T;;null
24/12/2014;52;T;47;T;;null
25/12/2014;35;T;43;T;;null
26/12/2014;33;T;31;T;;null
27/12/2014;25;T;37;T;;null
28/12/2014;22;T;23;T;;null
29/12/2014;35;T;41;T;;null
30/12/2014;41;T;49;T;;null
31/12/2014;46;T;65;T;;null
01/01/2015;42;T;59;T;;null
02/01/2015;55;T;71;T;;null
03/01/2015;42;T;59;T;;null
04/01/2015;33;T;46;T;;null
05/01/2015;39;T;50;T;;null
06/01/2015;32;T;48;T;;null
07/01/2015;48;T;54;T;;null
08/01/2015;49;T;59;T;;null
09/01/2015;48;T;61;T;;null
10/01/2015;33;T;54;T;;null
11/01/2015;36;T;37;T;;null
12/01/2015;48;T;61;T;;null
13/01/2015;49;T;42;T;;null
14/01/2015;49;T;55;T;;null
15/01/2015;27;T;22;T;;null
16/01/2015;40;T;23;T;;null
17/01/2015;39;T;33;T;;null
18/01/2015;20;T;17;T;;null
19/01/2015;29;T;24;T;;null
20/01/2015;33;T;16;T;;null
21/01/2015;27;T;16;T;;null
22/01/2015;36;T;23;T;;null
23/01/2015;48;T;41;T;;null
24/01/2015;49;T;28;T;;null
25/01/2015;40;T;31;T;;null
26/01/2015;48;T;40;T;;null
27/01/2015;56;T;31;T;;null
28/01/2015;48;T;25;T;;null
29/01/2015;38;T;19;T;;null
30/01/2015;34;T;12;T;;null
31/01/2015;25;T;17;T;;null
01/02/2015;25;T;16;T;;null
02/02/2015;42;T;19;T;;null
03/02/2015;38;T;16;T;;null
04/02/2015;39;T;22;T;;null
05/02/2015;47;T;25;T;;null
06/02/2015;44;T;22;T;;null
07/02/2015;44;T;48;T;;null
08/02/2015;35;T;48;T;;null
09/02/2015;41;T;36;T;;null
10/02/2015;59;T;55;T;;null
11/02/2015;65;T;63;T;;null
12/02/2015;65;T;61;T;;null
13/02/2015;52;T;30;T;;null
14/02/2015;41;T;23;T;;null
15/02/2015;25;T;13;T;;null
16/02/2015;39;T;18;T;;null
17/02/2015;40;T;27;T;;null
18/02/2015;43;T;35;T;;null
19/02/2015;55;T;44;T;;null
20/02/2015;68;T;31;T;;null
21/02/2015;27;T;15;T;;null
22/02/2015;33;T;18;T;;null
23/02/2015;32;T;17;T;;null
24/02/2015;34;T;20;T;;null
25/02/2015;31;T;21;T;;null
26/02/2015;29;T;17;T;;null
27/02/2015;33;T;24;T;;null
28/02/2015;42;T;23;T;;null
01/03/2015;38;T;21;T;;null
02/03/2015;41;T;21;T;;null
03/03/2015;40;T;21;T;;null
04/03/2015;34;T;24;T;;null
05/03/2015;34;T;28;T;;null
06/03/2015;46;T;47;T;;null
07/03/2015;50;T;44;T;;null
08/03/2015;38;T;40;T;;null
09/03/2015;40;T;50;T;;null
10/03/2015;52;T;64;T;;null
11/03/2015;50;T;56;T;;null
12/03/2015;37;T;71;T;;null
13/03/2015;28;T;22;T;;null
14/03/2015;27;T;24;T;;null
15/03/2015;33;T;39;T;;null
16/03/2015;45;T;44;T;;null
17/03/2015;48;T;49;T;;null
18/03/2015;36;T;44;T;;null
19/03/2015;37;T;31;T;;null
20/03/2015;37;T;54;T;;null
21/03/2015;33;T;32;T;;null
22/03/2015;21;T;32;T;;null
23/03/2015;33;T;20;T;;null
24/03/2015;31;T;25;T;;null
25/03/2015;28;T;20;T;;null
26/03/2015;43;T;18;T;;null
27/03/2015;35;T;22;T;;null
28/03/2015;31;T;30;T;;null
29/03/2015;32;T;30;T;;null
30/03/2015;29;T;33;T;;null
31/03/2015;22;T;29;T;;null
01/04/2015;22;T;36;T;;null
02/04/2015;32;T;46;T;;null
03/04/2015;23;T;40;T;;null
04/04/2015;13;T;25;T;;null
05/04/2015;10;T;21;T;;null
06/04/2015;24;T;29;T;;null
07/04/2015;35;T;40;T;;null
08/04/2015;41;T;38;T;;null
09/04/2015;40;T;48;T;;null
10/04/2015;37;T;28;T;;null
11/04/2015;31;T;30;T;;null
12/04/2015;37;T;40;T;;null
13/04/2015;50;T;64;T;;null
14/04/2015;61;T;79;T;;null
15/04/2015;54;T;54;T;;null
16/04/2015;29;T;34;T;;null
17/04/2015;27;T;26;T;;null
18/04/2015;25;T;19;T;;null
19/04/2015;21;T;17;T;;null
20/04/2015;26;T;28;T;;null
21/04/2015;40;T;41;T;;null
22/04/2015;49;T;35;T;;null
23/04/2015;32;T;28;T;;null
24/04/2015;49;T;35;T;;null
25/04/2015;34;T;25;T;;null
26/04/2015;25;T;19;T;;null
27/04/2015;34;T;18;T;;null
28/04/2015;24;T;23;T;;null
29/04/2015;32;T;25;T;;null
30/04/2015;54;T;34;T;;null
01/05/2015;28;T;20;T;;null
02/05/2015;32;T;30;T;;null
03/05/2015;25;T;24;T;;null
04/05/2015;32;T;18;T;;null
05/05/2015;26;T;18;T;;null
06/05/2015;31;T;22;T;;null
07/05/2015;41;T;36;T;;null
08/05/2015;31;T;29;T;;null
09/05/2015;17;T;23;T;;null
10/05/2015;25;T;31;T;;null
11/05/2015;31;T;48;T;;null
12/05/2015;37;T;45;T;;null
13/05/2015;31;T;39;T;;null
14/05/2015;24;T;29;T;;null
15/05/2015;20;T;24;T;;null
16/05/2015;21;T;23;T;;null
17/05/2015;13;T;21;T;;null
18/05/2015;20;T;24;T;;null
19/05/2015;20;T;21;T;;null
20/05/2015;25;T;20;T;;null
21/05/2015;28;T;26;T;;null
22/05/2015;26;T;23;T;;null
23/05/2015;21;T;23;T;;null
24/05/2015;17;T;19;T;;null
25/05/2015;21;T;26;T;;null
26/05/2015;17;T;31;T;;null
27/05/2015;18;T;24;T;;null
28/05/2015;24;T;28;T;;null
29/05/2015;19;T;27;T;;null
30/05/2015;18;T;26;T;;null
31/05/2015;19;T;23;T;;null
01/06/2015;21;T;21;T;;null
02/06/2015;29;T;38;T;;null
03/06/2015;21;T;30;T;;null
04/06/2015;35;T;40;T;;null
05/06/2015;26;T;28;T;;null
06/06/2015;18;T;20;T;;null
07/06/2015;12;T;22;T;;null
08/06/2015;21;T;40;T;;null
09/06/2015;20;T;32;T;;null
10/06/2015;36;T;38;T;;null
11/06/2015;33;T;43;T;;null
12/06/2015;26;T;30;T;;null
13/06/2015;32;T;26;T;;null
14/06/2015;29;T;23;T;;null
15/06/2015;24;T;25;T;;null
16/06/2015;27;T;29;T;;null
17/06/2015;23;T;26;T;;null
18/06/2015;30;T;31;T;;null
19/06/2015;24;T;25;T;;null
20/06/2015;18;T;24;T;;null
21/06/2015;22;T;31;T;;null
22/06/2015;27;T;39;T;;null
23/06/2015;28;T;33;T;;null
24/06/2015;33;T;52;T;;null
25/06/2015;40;T;45;T;;null
26/06/2015;40;T;57;T;;null
27/06/2015;33;T;38;T;;null
28/06/2015;31;T;37;T;;null
29/06/2015;33;T;30;T;;null
30/06/2015;37;T;39;T;;null
01/07/2015;33;T;30;T;;null
02/07/2015;28;T;20;T;;null
03/07/2015;39;T;31;T;;null
04/07/2015;32;T;33;T;;null
05/07/2015;22;T;23;T;;null
06/07/2015;35;T;28;T;;null
07/07/2015;30;T;29;T;;null
08/07/2015;27;T;20;T;;null
09/07/2015;27;T;21;T;;null
10/07/2015;30;T;33;T;;null
11/07/2015;26;T;29;T;;null
12/07/2015;22;T;23;T;;null
13/07/2015;30;T;27;T;;null
14/07/2015;27;T;24;T;;null
15/07/2015;26;T;24;T;;null
16/07/2015;34;T;35;T;;null
17/07/2015;36;T;34;T;;null
18/07/2015;30;T;29;T;;null
19/07/2015;32;T;25;T;;null
20/07/2015;32;T;23;T;;null
21/07/2015;31;T;31;T;;null
22/07/2015;29;T;21;T;;null
23/07/2015;36;T;30;T;;null
24/07/2015;32;T;25;T;;null
25/07/2015;26;T;25;T;;null
26/07/2015;27;T;23;T;;null
27/07/2015;25;T;24;T;;null
28/07/2015;30;T;27;T;;null
29/07/2015;29;T;17;T;;null
30/07/2015;26;T;18;T;;null
31/07/2015;38;T;17;T;;null
01/08/2015;38;T;22;T;;null
02/08/2015;50;T;30;T;;null
03/08/2015;32;T;28;T;;null
04/08/2015;15;T;22;T;;null
05/08/2015;15;T;29;T;;null
06/08/2015;16;T;31;T;;null
07/08/2015;14;T;21;T;;null
08/08/2015;12;T;19;T;;null
09/08/2015;13;T;24;T;;null
10/08/2015;17;T;34;T;;null
11/08/2015;17;T;40;T;;null
12/08/2015;37;T;43;T;;null
13/08/2015;17;T;22;T;;null
14/08/2015;15;T;15;T;;null
15/08/2015;15;T;18;T;;null
16/08/2015;23;T;23;T;;null
17/08/2015;29;T;27;T;;null
18/08/2015;27;T;26;T;;null
19/08/2015;26;T;27;T;;null
20/08/2015;38;T;37;T;;null
21/08/2015;28;T;39;T;;null
22/08/2015;21;T;35;T;;null
23/08/2015;15;T;15;T;;null
24/08/2015;20;T;24;T;;null
25/08/2015;31;T;25;T;;null
26/08/2015;34;T;25;T;;null
27/08/2015;28;T;24;T;;null
28/08/2015;26;T;23;T;;null
29/08/2015;24;T;33;T;;null
30/08/2015;29;T;39;T;;null
31/08/2015;25;T;32;T;;null
01/09/2015;22;T;21;T;;null
02/09/2015;27;T;20;T;;null
03/09/2015;37;T;18;T;;null
04/09/2015;39;T;17;T;;null
05/09/2015;24;T;17;T;;null
06/09/2015;20;T;19;T;;null
07/09/2015;24;T;23;T;;null
08/09/2015;31;T;31;T;;null
09/09/2015;44;T;37;T;;null
10/09/2015;32;T;31;T;;null
11/09/2015;35;T;35;T;;null
12/09/2015;30;T;27;T;;null
13/09/2015;19;T;19;T;;null
14/09/2015;27;T;21;T;;null
15/09/2015;42;T;19;T;;null
16/09/2015;22;T;19;T;;null
17/09/2015;27;T;17;T;;null
18/09/2015;28;T;20;T;;null
19/09/2015;29;T;23;T;;null
20/09/2015;36;T;28;T;;null
21/09/2015;28;T;29;T;;null
22/09/2015;20;T;16;T;;null
23/09/2015;26;T;19;T;;null
24/09/2015;25;T;27;T;;null
25/09/2015;22;T;25;T;;null
26/09/2015;16;T;25;T;;null
27/09/2015;12;T;23;T;;null
28/09/2015;31;T;29;T;;null
29/09/2015;33;T;31;T;;null
30/09/2015;39;T;33;T;;null
01/10/2015;38;T;37;T;;null
02/10/2015;40;T;38;T;;null
03/10/2015;42;T;37;T;;null
04/10/2015;29;T;28;T;;null
05/10/2015;43;T;27;T;;null
06/10/2015;35;T;21;T;;null
07/10/2015;34;T;27;T;;null
08/10/2015;29;T;30;T;;null
09/10/2015;42;T;36;T;;null
10/10/2015;39;T;34;T;;null
11/10/2015;27;T;33;T;;null
12/10/2015;22;T;32;T;;null
13/10/2015;39;T;37;T;;null
14/10/2015;38;T;35;T;;null
15/10/2015;46;T;32;T;;null
16/10/2015;47;T;38;T;;null
17/10/2015;44;T;43;T;;null
18/10/2015;36;T;43;T;;null
19/10/2015;22;T;23;T;;null
20/10/2015;34;T;31;T;;null
21/10/2015;38;T;33;T;;null
22/10/2015;42;T;39;T;;null
23/10/2015;54;T;46;T;;null
24/10/2015;42;T;37;T;;null
25/10/2015;20;T;26;T;;null
26/10/2015;37;T;33;T;;null
27/10/2015;42;T;26;T;;null
28/10/2015;52;T;27;T;;null
29/10/2015;49;T;33;T;;null
30/10/2015;47;T;27;T;;null
31/10/2015;45;T;31;T;;null
01/11/2015;39;T;35;T;;null
02/11/2015;33;T;31;T;;null
03/11/2015;51;T;31;T;;null
04/11/2015;53;T;31;T;;null
05/11/2015;65;T;45;T;;null
06/11/2015;54;T;43;T;;null
07/11/2015;40;T;39;T;;null
08/11/2015;40;T;38;T;;null
09/11/2015;52;T;54;T;;null
10/11/2015;40;T;58;T;;null
11/11/2015;46;T;51;T;;null
12/11/2015;46;T;48;T;;null
13/11/2015;45;T;43;T;;null
14/11/2015;38;T;42;T;;null
15/11/2015;39;T;40;T;;null
16/11/2015;53;T;46;T;;null
17/11/2015;57;T;54;T;;null
18/11/2015;52;T;63;T;;null
19/11/2015;47;T;62;T;;null
20/11/2015;39;T;68;T;;null
21/11/2015;19;T;24;T;;null
22/11/2015;26;T;18;T;;null
23/11/2015;42;T;27;T;;null
24/11/2015;49;T;29;T;;null
25/11/2015;44;T;33;T;;null
26/11/2015;57;T;35;T;;null
27/11/2015;34;T;24;T;;null
28/11/2015;34;T;33;T;;null
29/11/2015;42;T;41;T;;null
30/11/2015;55;T;48;T;;null
01/12/2015;64;T;55;T;;null
02/12/2015;82;T;75;T;;null
03/12/2015;108;T;84;T;;null
04/12/2015;59;T;53;T;;null
05/12/2015;42;T;52;T;;null
06/12/2015;47;T;56;T;;null
07/12/2015;26;T;40;T;;null
08/12/2015;34;T;34;T;;null
09/12/2015;41;T;40;T;;null
10/12/2015;52;T;45;T;;null
11/12/2015;48;T;47;T;;null
12/12/2015;49;T;49;T;;null
13/12/2015;31;T;27;T;;null
14/12/2015;12;T;17;T;;null
15/12/2015;26;T;33;T;;null
16/12/2015;63;T;53;T;;null
17/12/2015;36;T;46;T;;null
18/12/2015;62;T;56;T;;null
19/12/2015;25;T;32;T;;null
20/12/2015;28;T;25;T;;null
21/12/2015;69;T;34;T;;null
22/12/2015;93;T;52;T;;null
23/12/2015;45;T;32;T;;null
24/12/2015;38;T;24;T;;null
25/12/2015;41;T;18;T;;null
26/12/2015;36;T;21;T;;null
27/12/2015;43;T;34;T;;null
28/12/2015;17;T;26;T;;null
29/12/2015;62;T;37;T;;null
30/12/2015;22;T;9;T;;null
31/12/2015;42;T;24;T;;null
01/01/2016;21;T;14;T;;null
02/01/2016;28;T;15;T;;null
03/01/2016;32;T;14;T;;null
04/01/2016;29;T;12;T;;null
05/01/2016;19;T;12;T;;null
06/01/2016;33;T;22;T;;null
07/01/2016;27;T;14;T;;null
08/01/2016;49;T;20;T;;null
09/01/2016;29;T;16;T;;null
10/01/2016;30;T;12;T;;null
11/01/2016;48;T;12;T;;null
12/01/2016;60;T;15;T;;null
13/01/2016;76;T;28;T;;null
14/01/2016;50;T;13;T;;null
15/01/2016;42;T;18;T;;null
16/01/2016;37;T;27;T;;null
17/01/2016;40;T;28;T;;null
18/01/2016;35;T;17;T;;null
19/01/2016;55;T;30;T;;null
20/01/2016;65;T;42;T;;null
21/01/2016;64;T;41;T;;null
22/01/2016;46;T;30;T;;null
23/01/2016;41;T;41;T;;null
24/01/2016;22;T;20;T;;null
25/01/2016;19;T;21;T;;null
26/01/2016;41;T;30;T;;null
27/01/2016;46;T;38;T;;null
28/01/2016;33;T;23;T;;null
29/01/2016;45;T;33;T;;null
30/01/2016;46;T;32;T;;null
31/01/2016;18;T;14;T;;null
01/02/2016;41;T;29;T;;null
02/02/2016;42;T;29;T;;null
03/02/2016;35;T;20;T;;null
04/02/2016;44;T;30;T;;null
05/02/2016;51;T;38;T;;null
06/02/2016;28;T;24;T;;null
07/02/2016;25;T;15;T;;null
08/02/2016;44;T;21;T;;null
09/02/2016;22;T;12;T;;null
10/02/2016;41;T;15;T;;null
11/02/2016;34;T;14;T;;null
12/02/2016;39;T;13;T;;null
13/02/2016;14;T;10;T;;null
14/02/2016;19;T;11;T;;null
15/02/2016;26;T;18;T;;null
16/02/2016;44;T;22;T;;null
17/02/2016;52;T;24;T;;null
18/02/2016;35;T;14;T;;null
19/02/2016;46;T;26;T;;null
20/02/2016;32;T;19;T;;null
21/02/2016;27;T;28;T;;null
22/02/2016;34;T;30;T;;null
23/02/2016;34;T;23;T;;null
24/02/2016;40;T;24;T;;null
25/02/2016;34;T;13;T;;null
26/02/2016;39;T;15;T;;null
27/02/2016;20;T;12;T;;null
28/02/2016;27;T;21;T;;null
29/02/2016;40;T;32;T;;null
01/03/2016;48;T;35;T;;null
02/03/2016;31;T;19;T;;null
03/03/2016;33;T;18;T;;null
04/03/2016;26;T;11;T;;null
05/03/2016;22;T;11;T;;null
06/03/2016;18;T;9;T;;null
07/03/2016;25;T;15;T;;null
08/03/2016;34;T;16;T;;null
09/03/2016;25;T;16;T;;null
10/03/2016;18;T;21;T;;null
11/03/2016;38;T;21;T;;null
12/03/2016;35;T;25;T;;null
13/03/2016;33;T;37;T;;null
14/03/2016;40;T;40;T;;null
15/03/2016;45;T;34;T;;null
16/03/2016;-;N;-;N;;null
17/03/2016;22;T;23;T;;null
18/03/2016;31;T;27;T;;null
19/03/2016;22;T;29;T;;null
20/03/2016;24;T;12;T;;null
21/03/2016;27;T;24;T;;null
22/03/2016;37;T;33;T;;null
23/03/2016;50;T;38;T;;null
24/03/2016;28;T;40;T;;null
25/03/2016;32;T;35;T;;null
26/03/2016;19;T;20;T;;null
27/03/2016;18;T;14;T;;null
28/03/2016;-;N;-;N;;null
29/03/2016;-;M;-;M;;null
30/03/2016;41;T;20;T;;null
31/03/2016;30;T;12;T;;null
01/04/2016;43;T;19;T;;null
02/04/2016;42;T;25;T;;null
03/04/2016;40;T;20;T;;null
04/04/2016;39;T;18;T;;null
05/04/2016;47;T;19;T;;null
06/04/2016;35;T;22;T;;null
07/04/2016;28;T;16;T;;null
08/04/2016;37;T;19;T;;null
09/04/2016;21;T;18;T;;null
10/04/2016;27;T;17;T;;null
11/04/2016;40;T;21;T;;null
12/04/2016;46;T;20;T;;null
13/04/2016;36;T;19;T;;null
14/04/2016;49;T;22;T;;null
15/04/2016;55;T;25;T;;null
16/04/2016;41;T;19;T;;null
17/04/2016;14;T;14;T;;null
18/04/2016;25;T;19;T;;null
19/04/2016;49;T;30;T;;null
20/04/2016;43;T;20;T;;null
21/04/2016;33;T;13;T;;null
22/04/2016;44;T;21;T;;null
23/04/2016;24;T;16;T;;null
24/04/2016;13;T;16;T;;null
25/04/2016;27;T;18;T;;null
26/04/2016;30;T;23;T;;null
27/04/2016;18;T;17;T;;null
28/04/2016;16;T;16;T;;null
29/04/2016;26;T;17;T;;null
30/04/2016;21;T;17;T;;null
01/05/2016;24;T;19;T;;null
02/05/2016;24;T;21;T;;null
03/05/2016;29;T;21;T;;null
04/05/2016;36;T;39;T;;null
05/05/2016;55;T;42;T;;null
06/05/2016;33;T;27;T;;null
07/05/2016;12;T;20;T;;null
08/05/2016;8;T;10;T;;null
09/05/2016;20;T;13;T;;null
10/05/2016;24;T;19;T;;null
11/05/2016;18;T;15;T;;null
12/05/2016;23;T;16;T;;null
13/05/2016;12;T;12;T;;null
14/05/2016;6;T;14;T;;null
15/05/2016;5;T;28;T;;null
16/05/2016;9;T;26;T;;null
17/05/2016;7;T;25;T;;null
18/05/2016;13;T;24;T;;null
19/05/2016;15;T;18;T;;null
20/05/2016;21;T;28;T;;null
21/05/2016;16;T;32;T;;null
22/05/2016;3;T;16;T;;null
23/05/2016;14;T;19;T;;null
24/05/2016;37;T;25;T;;null
25/05/2016;37;T;21;T;;null
26/05/2016;35;T;22;T;;null
27/05/2016;34;T;25;T;;null
28/05/2016;30;T;15;T;;null
29/05/2016;19;T;15;T;;null
30/05/2016;21;T;17;T;;null
31/05/2016;22;T;24;T;;null
01/06/2016;29;T;27;T;;null
02/06/2016;19;T;26;T;;null
03/06/2016;22;T;30;T;;null
04/06/2016;21;T;26;T;;null
05/06/2016;19;T;30;T;;null
06/06/2016;28;T;29;T;;null
07/06/2016;23;T;34;T;;null
08/06/2016;31;T;43;T;;null
09/06/2016;24;T;35;T;;null
10/06/2016;22;T;20;T;;null
11/06/2016;19;T;19;T;;null
12/06/2016;23;T;23;T;;null
13/06/2016;13;T;21;T;;null
14/06/2016;20;T;17;T;;null
15/06/2016;19;T;14;T;;null
16/06/2016;23;T;15;T;;null
17/06/2016;22;T;16;T;;null
18/06/2016;14;T;14;T;;null
19/06/2016;15;T;19;T;;null
20/06/2016;26;T;30;T;;null
21/06/2016;27;T;31;T;;null
22/06/2016;23;T;30;T;;null
23/06/2016;28;T;23;T;;null
24/06/2016;-;M;15;T;;null
25/06/2016;-;M;16;T;;null
26/06/2016;-;M;16;T;;null
27/06/2016;-;M;21;T;;null
28/06/2016;20;T;27;T;;null
29/06/2016;-;N;-;N;;null
30/06/2016;-;N;-;N;;null
01/07/2016;17;T;22;T;;null
02/07/2016;16;T;20;T;;null
03/07/2016;12;T;18;T;;null
04/07/2016;13;T;15;T;;null
05/07/2016;10;T;12;T;;null
06/07/2016;13;T;17;T;;null
07/07/2016;19;T;27;T;;null
08/07/2016;22;T;24;T;;null
09/07/2016;22;T;28;T;;null
10/07/2016;13;T;23;T;;null
11/07/2016;16;T;61;T;;null
12/07/2016;12;T;-;M;;null
13/07/2016;13;T;-;M;;null
14/07/2016;15;T;-;M;;null
15/07/2016;17;T;-;M;;null
16/07/2016;17;T;17;T;;null
17/07/2016;25;T;28;T;;null
18/07/2016;39;T;36;T;;null
19/07/2016;28;T;35;T;;null
20/07/2016;14;T;23;T;;null
21/07/2016;27;T;25;T;;null
22/07/2016;18;T;15;T;;null
23/07/2016;11;T;12;T;;null
24/07/2016;9;T;13;T;;null
25/07/2016;11;T;11;T;;null
26/07/2016;11;T;10;T;;null
27/07/2016;11;T;13;T;;null
28/07/2016;12;T;14;T;;null
29/07/2016;17;T;15;T;;null
30/07/2016;10;T;10;T;;null
31/07/2016;10;T;10;T;;null
01/08/2016;15;T;13;T;;null
02/08/2016;20;T;20;T;;null
03/08/2016;23;T;26;T;;null
04/08/2016;23;T;20;T;;null
05/08/2016;14;T;17;T;;null
06/08/2016;12;T;15;T;;null
07/08/2016;13;T;18;T;;null
08/08/2016;15;T;21;T;;null
09/08/2016;11;T;18;T;;null
10/08/2016;17;T;26;T;;null
11/08/2016;15;T;22;T;;null
12/08/2016;26;T;37;T;;null
13/08/2016;27;T;-;N;;null
14/08/2016;23;T;39;T;;null
15/08/2016;18;T;35;T;;null
16/08/2016;16;T;40;T;;null
17/08/2016;15;T;24;T;;null
18/08/2016;17;T;19;T;;null
19/08/2016;22;T;13;T;;null
20/08/2016;12;T;18;T;;null
21/08/2016;11;T;18;T;;null
22/08/2016;32;T;24;T;;null
23/08/2016;23;T;26;T;;null
24/08/2016;25;T;35;T;;null
25/08/2016;19;T;31;T;;null
26/08/2016;17;T;21;T;;null
27/08/2016;13;T;20;T;;null
28/08/2016;9;T;15;T;;null
29/08/2016;11;T;16;T;;null
30/08/2016;15;T;16;T;;null
31/08/2016;15;T;15;T;;null
01/09/2016;17;T;18;T;;null
02/09/2016;16;T;17;T;;null
03/09/2016;21;T;24;T;;null
04/09/2016;30;T;24;T;;null
05/09/2016;26;T;36;T;;null
06/09/2016;33;T;33;T;;null
07/09/2016;24;T;28;T;;null
08/09/2016;9;T;13;T;;null
09/09/2016;22;T;21;T;;null
10/09/2016;18;T;20;T;;null
11/09/2016;20;T;22;T;;null
12/09/2016;26;T;23;T;;null
13/09/2016;25;T;18;T;;null
14/09/2016;24;T;10;T;;null
15/09/2016;25;T;12;T;;null
16/09/2016;27;T;10;T;;null
17/09/2016;23;T;10;T;;null
18/09/2016;22;T;18;T;;null
19/09/2016;23;T;14;T;;null
20/09/2016;26;T;10;T;;null
21/09/2016;24;T;16;T;;null
22/09/2016;28;T;20;T;;null
23/09/2016;35;T;22;T;;null
24/09/2016;32;T;21;T;;null
25/09/2016;18;T;17;T;;null
26/09/2016;30;T;18;T;;null
27/09/2016;22;T;17;T;;null
28/09/2016;21;T;17;T;;null
29/09/2016;25;T;-;M;;null
30/09/2016;23;T;18;T;;null
01/10/2016;17;T;11;T;;null
02/10/2016;19;T;13;T;;null
03/10/2016;36;T;23;T;;null
04/10/2016;29;T;19;T;;null
05/10/2016;24;T;16;T;;null
06/10/2016;25;T;-;M;;null
07/10/2016;33;T;33;T;;null
08/10/2016;23;T;27;T;;null
09/10/2016;24;T;20;T;;null
10/10/2016;34;T;28;T;;null
11/10/2016;39;T;38;T;;null
12/10/2016;28;T;35;T;;null
13/10/2016;27;T;24;T;;null
14/10/2016;35;T;23;T;;null
15/10/2016;31;T;26;T;;null
16/10/2016;28;T;27;T;;null
17/10/2016;32;T;27;T;;null
18/10/2016;25;T;21;T;;null
19/10/2016;25;T;20;T;;null
20/10/2016;23;T;19;T;;null
21/10/2016;32;T;22;T;;null
22/10/2016;35;T;36;T;;null
23/10/2016;23;T;14;T;;null
24/10/2016;38;T;23;T;;null
25/10/2016;44;T;29;T;;null
26/10/2016;32;T;29;T;;null
27/10/2016;23;T;25;T;;null
28/10/2016;37;T;43;T;;null
29/10/2016;37;T;42;T;;null
30/10/2016;36;T;34;T;;null
31/10/2016;55;T;37;T;;null
01/11/2016;53;T;34;T;;null
02/11/2016;54;T;42;T;;null
03/11/2016;53;T;50;T;;null
04/11/2016;49;T;46;T;;null
05/11/2016;29;T;18;T;;null
06/11/2016;25;T;16;T;;null
07/11/2016;38;T;16;T;;null
08/11/2016;41;T;21;T;;null
09/11/2016;38;T;22;T;;null
10/11/2016;44;T;20;T;;null
11/11/2016;49;T;26;T;;null
12/11/2016;41;T;22;T;;null
13/11/2016;28;T;21;T;;null
14/11/2016;39;T;27;T;;null
15/11/2016;37;T;27;T;;null
16/11/2016;43;T;32;T;;null
17/11/2016;41;T;31;T;;null
18/11/2016;35;T;23;T;;null
19/11/2016;37;T;17;T;;null
20/11/2016;41;T;26;T;;null
21/11/2016;35;T;18;T;;null
22/11/2016;43;T;22;T;;null
23/11/2016;40;T;17;T;;null
24/11/2016;48;T;21;T;;null
25/11/2016;52;T;33;T;;null
26/11/2016;49;T;37;T;;null
27/11/2016;38;T;38;T;;null
28/11/2016;44;T;32;T;;null
29/11/2016;40;T;33;T;;null
30/11/2016;57;T;38;T;;null
01/12/2016;71;T;43;T;;null
02/12/2016;61;T;40;T;;null
03/12/2016;44;T;40;T;;null
04/12/2016;49;T;27;T;;null
05/12/2016;58;T;38;T;;null
06/12/2016;48;T;37;T;;null
07/12/2016;68;T;44;T;;null
08/12/2016;50;T;40;T;;null
09/12/2016;67;T;43;T;;null
10/12/2016;64;T;44;T;;null
11/12/2016;48;T;38;T;;null
12/12/2016;71;T;50;T;;null
13/12/2016;68;T;54;T;;null
14/12/2016;45;T;29;T;;null
15/12/2016;40;T;28;T;;null
16/12/2016;47;T;20;T;;null
17/12/2016;38;T;31;T;;null
18/12/2016;31;T;34;T;;null
19/12/2016;33;T;34;T;;null
20/12/2016;32;T;29;T;;null
21/12/2016;41;T;26;T;;null
22/12/2016;41;T;33;T;;null
23/12/2016;39;T;33;T;;null
24/12/2016;37;T;20;T;;null
25/12/2016;31;T;17;T;;null
26/12/2016;30;T;17;T;;null
27/12/2016;41;T;31;T;;null
28/12/2016;43;T;47;T;;null
29/12/2016;41;T;49;T;;null
30/12/2016;42;T;45;T;;null
31/12/2016;41;T;49;T;;null
01/01/2017;43;T;51;T;;null
02/01/2017;52;T;56;T;;null
03/01/2017;44;T;48;T;;null
04/01/2017;53;T;58;T;;null
05/01/2017;45;T;51;T;;null
06/01/2017;37;T;35;T;;null
07/01/2017;44;T;40;T;;null
08/01/2017;49;T;39;T;;null
09/01/2017;67;T;56;T;;null
10/01/2017;49;T;18;T;;null
11/01/2017;42;T;20;T;;null
12/01/2017;31;T;14;T;;null
13/01/2017;40;T;9;T;;null
14/01/2017;39;T;9;T;;null
15/01/2017;39;T;11;T;;null
16/01/2017;43;T;10;T;;null
17/01/2017;41;T;12;T;;null
18/01/2017;57;T;23;T;;null
19/01/2017;55;T;25;T;;null
20/01/2017;60;T;31;T;;null
21/01/2017;57;T;36;T;;null
22/01/2017;60;T;29;T;;null
23/01/2017;58;T;29;T;;null
24/01/2017;38;T;30;T;;null
25/01/2017;41;T;39;T;;null
26/01/2017;36;T;27;T;;null
27/01/2017;38;T;19;T;;null
28/01/2017;35;T;21;T;;null
29/01/2017;35;T;23;T;;null
30/01/2017;29;T;21;T;;null
31/01/2017;32;T;16;T;;null
01/02/2017;38;T;24;T;;null
02/02/2017;20;T;10;T;;null
03/02/2017;30;T;10;T;;null
04/02/2017;28;T;11;T;;null
05/02/2017;15;T;11;T;;null
06/02/2017;55;T;19;T;;null
07/02/2017;31;T;14;T;;null
08/02/2017;39;T;18;T;;null
09/02/2017;47;T;32;T;;null
10/02/2017;43;T;17;T;;null
11/02/2017;31;T;19;T;;null
12/02/2017;30;T;15;T;;null
13/02/2017;52;T;18;T;;null
14/02/2017;50;T;25;T;;null
15/02/2017;50;T;44;T;;null
16/02/2017;52;T;44;T;;null
17/02/2017;55;T;46;T;;null
18/02/2017;49;T;40;T;;null
19/02/2017;32;T;32;T;;null
20/02/2017;45;T;39;T;;null
21/02/2017;30;T;33;T;;null
22/02/2017;27;T;38;T;;null
23/02/2017;38;T;38;T;;null
24/02/2017;31;T;25;T;;null
25/02/2017;31;T;33;T;;null
26/02/2017;24;T;34;T;;null
27/02/2017;25;T;26;T;;null
28/02/2017;27;T;21;T;;null
01/03/2017;37;T;22;T;;null
02/03/2017;38;T;31;T;;null
03/03/2017;34;T;26;T;;null
04/03/2017;23;T;17;T;;null
05/03/2017;31;T;19;T;;null
06/03/2017;14;T;31;T;;null
07/03/2017;33;T;35;T;;null
08/03/2017;30;T;35;T;;null
09/03/2017;41;T;50;T;;null
10/03/2017;56;T;52;T;;null
11/03/2017;27;T;38;T;;null
12/03/2017;13;T;20;T;;null
13/03/2017;22;T;-;M;;null
14/03/2017;23;T;26;T;;null
15/03/2017;25;T;34;T;;null
16/03/2017;33;T;45;T;;null
17/03/2017;22;T;37;T;;null
18/03/2017;13;T;25;T;;null
19/03/2017;16;T;39;T;;null
20/03/2017;25;T;37;T;;null
21/03/2017;28;T;21;T;;null
22/03/2017;22;T;16;T;;null
23/03/2017;22;T;12;T;;null
24/03/2017;29;T;20;T;;null
25/03/2017;38;T;22;T;;null
26/03/2017;22;T;18;T;;null
27/03/2017;26;T;19;T;;null
28/03/2017;41;T;30;T;;null
29/03/2017;44;T;35;T;;null
30/03/2017;40;T;42;T;;null
31/03/2017;30;T;29;T;;null
01/04/2017;9;T;17;T;;null
02/04/2017;4;T;17;T;;null
03/04/2017;33;T;34;T;;null
04/04/2017;24;T;33;T;;null
05/04/2017;14;T;20;T;;null
06/04/2017;23;T;27;T;;null
07/04/2017;27;T;39;T;;null
08/04/2017;31;T;37;T;;null
09/04/2017;31;T;52;T;;null
10/04/2017;18;T;47;T;;null
11/04/2017;13;T;27;T;;null
12/04/2017;16;T;41;T;;null
13/04/2017;17;T;40;T;;null
14/04/2017;16;T;39;T;;null
15/04/2017;11;T;25;T;;null
16/04/2017;12;T;21;T;;null
17/04/2017;9;T;28;T;;null
18/04/2017;8;T;26;T;;null
19/04/2017;13;T;30;T;;null
20/04/2017;20;T;34;T;;null
21/04/2017;32;T;46;T;;null
22/04/2017;30;T;46;T;;null
23/04/2017;16;T;37;T;;null
24/04/2017;32;T;42;T;;null
25/04/2017;21;T;28;T;;null
26/04/2017;16;T;14;T;;null
27/04/2017;18;T;18;T;;null
28/04/2017;21;T;20;T;;null
29/04/2017;20;T;25;T;;null
30/04/2017;10;T;19;T;;null
01/05/2017;15;T;22;T;;null
02/05/2017;19;T;27;T;;null
03/05/2017;13;T;27;T;;null
04/05/2017;-;C;-;M;;null
05/05/2017;37;T;26;T;;null
06/05/2017;29;T;21;T;;null
07/05/2017;24;T;21;T;;null
08/05/2017;30;T;26;T;;null
09/05/2017;29;T;30;T;;null
10/05/2017;33;T;26;T;;null
11/05/2017;38;T;22;T;;null
12/05/2017;35;T;29;T;;null
13/05/2017;29;T;21;T;;null
14/05/2017;26;T;37;T;;null
15/05/2017;32;T;32;T;;null
16/05/2017;33;T;-;M;;null
17/05/2017;30;T;18;T;;null
18/05/2017;27;T;8;T;;null
19/05/2017;28;T;15;T;;null
20/05/2017;23;T;11;T;;null
21/05/2017;38;T;23;T;;null
22/05/2017;25;T;28;T;;null
23/05/2017;15;T;19;T;;null
24/05/2017;31;T;33;T;;null
25/05/2017;55;T;34;T;;null
26/05/2017;44;T;27;T;;null
27/05/2017;28;T;35;T;;null
28/05/2017;15;T;31;T;;null
29/05/2017;27;T;28;T;;null
30/05/2017;27;T;32;T;;null
31/05/2017;24;T;31;T;;null
01/06/2017;30;T;48;T;;null
02/06/2017;20;T;24;T;;null
03/06/2017;22;T;18;T;;null
04/06/2017;22;T;21;T;;null
05/06/2017;24;T;20;T;;null
06/06/2017;8;T;17;T;;null
07/06/2017;31;T;-;M;;null
08/06/2017;-;N;28;T;;null
09/06/2017;-;N;28;T;;null
10/06/2017;10;T;29;T;;null
11/06/2017;3;T;31;T;;null
12/06/2017;-;N;16;T;;null
13/06/2017;6;T;23;T;;null
14/06/2017;8;T;35;T;;null
15/06/2017;5;T;24;T;;null
16/06/2017;4;T;20;T;;null
17/06/2017;3;T;28;T;;null
18/06/2017;6;T;38;T;;null
19/06/2017;18;T;43;T;;null
20/06/2017;16;T;45;T;;null
21/06/2017;20;T;44;T;;null
22/06/2017;17;T;34;T;;null
23/06/2017;23;T;30;T;;null
24/06/2017;22;T;35;T;;null
25/06/2017;14;T;20;T;;null
26/06/2017;20;T;17;T;;null
27/06/2017;22;T;17;T;;null
28/06/2017;18;T;21;T;;null
29/06/2017;16;T;14;T;;null
30/06/2017;17;T;13;T;;null
01/07/2017;11;T;18;T;;null
02/07/2017;13;T;16;T;;null
03/07/2017;17;T;25;T;;null
04/07/2017;31;T;30;T;;null
05/07/2017;19;T;31;T;;null
06/07/2017;23;T;36;T;;null
07/07/2017;25;T;44;T;;null
08/07/2017;12;T;23;T;;null
09/07/2017;14;T;24;T;;null
10/07/2017;14;T;16;T;;null
11/07/2017;22;T;26;T;;null
12/07/2017;22;T;29;T;;null
13/07/2017;18;T;20;T;;null
14/07/2017;14;T;11;T;;null
15/07/2017;14;T;17;T;;null
16/07/2017;13;T;23;T;;null
17/07/2017;26;T;41;T;;null
18/07/2017;22;T;42;T;;null
19/07/2017;23;T;30;T;;null
20/07/2017;18;T;18;T;;null
21/07/2017;19;T;24;T;;null
22/07/2017;17;T;20;T;;null
23/07/2017;10;T;19;T;;null
24/07/2017;9;T;11;T;;null
25/07/2017;15;T;20;T;;null
26/07/2017;21;T;27;T;;null
27/07/2017;17;T;20;T;;null
28/07/2017;26;T;30;T;;null
29/07/2017;23;T;25;T;;null
30/07/2017;10;T;23;T;;null
31/07/2017;17;T;21;T;;null
01/08/2017;18;T;13;T;;null
02/08/2017;20;T;21;T;;null
03/08/2017;24;T;32;T;;null
04/08/2017;21;T;28;T;;null
05/08/2017;12;T;12;T;;null
06/08/2017;7;T;13;T;;null
07/08/2017;17;T;17;T;;null
08/08/2017;14;T;13;T;;null
09/08/2017;17;T;14;T;;null
10/08/2017;16;T;19;T;;null
11/08/2017;19;T;20;T;;null
12/08/2017;16;T;19;T;;null
13/08/2017;13;T;18;T;;null
14/08/2017;17;T;24;T;;null
15/08/2017;10;T;17;T;;null
16/08/2017;19;T;23;T;;null
17/08/2017;23;T;24;T;;null
18/08/2017;18;T;17;T;;null
19/08/2017;8;T;11;T;;null
20/08/2017;16;T;12;T;;null
21/08/2017;42;T;30;T;;null
22/08/2017;26;T;26;T;;null
23/08/2017;19;T;24;T;;null
24/08/2017;16;T;13;T;;null
25/08/2017;26;T;19;T;;null
26/08/2017;20;T;21;T;;null
27/08/2017;25;T;19;T;;null
28/08/2017;23;T;25;T;;null
29/08/2017;19;T;25;T;;null
30/08/2017;18;T;16;T;;null
31/08/2017;19;T;10;T;;null
01/09/2017;21;T;12;T;;null
02/09/2017;19;T;11;T;;null
03/09/2017;26;T;17;T;;null
04/09/2017;17;T;19;T;;null
05/09/2017;18;T;23;T;;null
06/09/2017;14;T;10;T;;null
07/09/2017;18;T;30;T;;null
08/09/2017;9;T;15;T;;null
09/09/2017;10;T;10;T;;null
10/09/2017;14;T;9;T;;null
11/09/2017;10;T;15;T;;null
12/09/2017;18;T;13;T;;null
13/09/2017;15;T;15;T;;null
14/09/2017;14;T;16;T;;null
15/09/2017;18;T;10;T;;null
16/09/2017;16;T;9;T;;null
17/09/2017;11;T;9;T;;null
18/09/2017;10;T;10;T;;null
19/09/2017;2;T;12;T;;null
20/09/2017;19;T;23;T;;null
21/09/2017;17;T;15;T;;null
22/09/2017;13;T;10;T;;null
23/09/2017;20;T;21;T;;null
24/09/2017;15;T;22;T;;null
25/09/2017;16;T;18;T;;null
26/09/2017;25;T;20;T;;null
27/09/2017;35;T;17;T;;null
28/09/2017;35;T;27;T;;null
29/09/2017;26;T;21;T;;null
30/09/2017;24;T;19;T;;null
01/10/2017;19;T;16;T;;null
02/10/2017;27;T;36;T;;null
03/10/2017;19;T;11;T;;null
04/10/2017;18;T;15;T;;null
05/10/2017;21;T;16;T;;null
06/10/2017;19;T;13;T;;null
07/10/2017;26;T;21;T;;null
08/10/2017;26;T;21;T;;null
09/10/2017;33;T;21;T;;null
10/10/2017;39;T;26;T;;null
11/10/2017;43;T;25;T;;null
12/10/2017;33;T;34;T;;null
13/10/2017;38;T;42;T;;null
14/10/2017;46;T;46;T;;null
15/10/2017;57;T;45;T;;null
16/10/2017;36;T;41;T;;null
17/10/2017;40;T;39;T;;null
18/10/2017;38;T;24;T;;null
19/10/2017;41;T;17;T;;null
20/10/2017;38;T;24;T;;null
21/10/2017;21;T;17;T;;null
22/10/2017;23;T;17;T;;null
23/10/2017;41;T;24;T;;null
24/10/2017;61;T;25;T;;null
25/10/2017;59;T;31;T;;null
26/10/2017;54;T;30;T;;null
27/10/2017;41;T;31;T;;null
28/10/2017;22;T;19;T;;null
29/10/2017;19;T;17;T;;null
30/10/2017;24;T;9;T;;null
31/10/2017;40;T;19;T;;null
01/11/2017;48;T;31;T;;null
02/11/2017;52;T;29;T;;null
03/11/2017;42;T;16;T;;null
04/11/2017;24;T;15;T;;null
05/11/2017;23;T;10;T;;null
06/11/2017;38;T;16;T;;null
07/11/2017;33;T;15;T;;null
08/11/2017;42;T;12;T;;null
09/11/2017;43;T;14;T;;null
10/11/2017;46;T;10;T;;null
11/11/2017;32;T;12;T;;null
12/11/2017;23;T;8;T;;null
13/11/2017;41;T;21;T;;null
14/11/2017;38;T;17;T;;null
15/11/2017;46;T;32;T;;null
16/11/2017;47;T;34;T;;null
17/11/2017;40;T;32;T;;null
18/11/2017;33;T;26;T;;null
19/11/2017;33;T;26;T;;null
20/11/2017;61;T;40;T;;null
21/11/2017;67;T;41;T;;null
22/11/2017;41;T;33;T;;null
23/11/2017;56;T;41;T;;null
24/11/2017;55;T;27;T;;null
25/11/2017;37;T;14;T;;null
26/11/2017;34;T;22;T;;null
27/11/2017;44;T;24;T;;null
28/11/2017;45;T;31;T;;null
29/11/2017;-;N;15;T;;null
30/11/2017;39;T;13;T;;null
01/12/2017;35;T;10;T;;null
02/12/2017;36;T;14;T;;null
03/12/2017;35;T;19;T;;null
04/12/2017;41;T;20;T;;null
05/12/2017;45;T;25;T;;null
06/12/2017;44;T;34;T;;null
07/12/2017;56;T;28;T;;null
08/12/2017;28;T;7;T;;null
09/12/2017;33;T;13;T;;null
10/12/2017;24;T;8;T;;null
11/12/2017;31;T;6;T;;null
12/12/2017;39;T;15;T;;null
13/12/2017;36;T;17;T;;null
14/12/2017;34;T;10;T;;null
15/12/2017;33;T;8;T;;null
16/12/2017;35;T;11;T;;null
17/12/2017;33;T;22;T;;null
18/12/2017;46;T;21;T;;null
19/12/2017;40;T;17;T;;null
20/12/2017;40;T;26;T;;null
21/12/2017;46;T;37;T;;null
22/12/2017;42;T;32;T;;null
23/12/2017;36;T;32;T;;null
24/12/2017;37;T;30;T;;null
25/12/2017;27;T;20;T;;null
26/12/2017;39;T;19;T;;null
27/12/2017;32;T;12;T;;null
28/12/2017;49;T;24;T;;null
29/12/2017;54;T;25;T;;null
30/12/2017;53;T;33;T;;null
31/12/2017;24;T;19;T;;null
01/01/2018;28;T;13;T;;null
02/01/2018;24;T;12;T;;null
03/01/2018;22;T;10;T;;null
04/01/2018;46;T;16;T;;null
05/01/2018;33;T;11;T;;null
06/01/2018;29;T;9;T;;null
07/01/2018;35;T;13;T;;null
08/01/2018;54;T;23;T;;null
09/01/2018;52;T;22;T;;null
10/01/2018;53;T;22;T;;null
11/01/2018;36;T;21;T;;null
12/01/2018;57;T;28;T;;null
13/01/2018;59;T;22;T;;null
14/01/2018;46;T;16;T;;null
15/01/2018;48;T;15;T;;null
16/01/2018;35;T;11;T;;null
17/01/2018;46;T;26;T;;null
18/01/2018;59;T;32;T;;null
19/01/2018;-;N;-;N;;null
20/01/2018;-;N;-;N;;null
21/01/2018;-;N;-;N;;null
22/01/2018;50;T;23;T;;null
23/01/2018;39;T;-;N;;null
24/01/2018;-;N;-;N;;null
25/01/2018;48;T;10;T;;null
26/01/2018;42;T;14;T;;null
27/01/2018;41;T;15;T;;null
28/01/2018;42;T;22;T;;null
29/01/2018;57;T;35;T;;null
30/01/2018;47;T;28;T;;null
31/01/2018;40;T;27;T;;null
01/02/2018;38;T;-;N;;null
02/02/2018;43;T;11;T;;null
03/02/2018;33;T;7;T;;null
04/02/2018;26;T;7;T;;null
05/02/2018;32;T;13;T;;null
06/02/2018;46;T;12;T;;null
07/02/2018;47;T;10;T;;null
08/02/2018;47;T;18;T;;null
09/02/2018;52;T;14;T;;null
10/02/2018;42;T;9;T;;null
11/02/2018;33;T;11;T;;null
12/02/2018;43;T;12;T;;null
13/02/2018;47;T;13;T;;null
14/02/2018;74;T;32;T;;null
15/02/2018;63;T;32;T;;null
16/02/2018;38;T;29;T;;null
17/02/2018;36;T;17;T;;null
18/02/2018;38;T;18;T;;null
19/02/2018;41;T;17;T;;null
20/02/2018;40;T;15;T;;null
21/02/2018;33;T;16;T;;null
22/02/2018;45;T;23;T;;null
23/02/2018;44;T;29;T;;null
24/02/2018;41;T;31;T;;null
25/02/2018;39;T;37;T;;null
26/02/2018;34;T;30;T;;null
27/02/2018;26;T;15;T;;null
28/02/2018;45;T;28;T;;null
01/03/2018;47;T;30;T;;null
02/03/2018;43;T;17;T;;null
03/03/2018;44;T;15;T;;null
04/03/2018;24;T;12;T;;null
05/03/2018;58;T;17;T;;null
06/03/2018;34;T;12;T;;null
07/03/2018;40;T;16;T;;null
08/03/2018;47;T;24;T;;null
09/03/2018;28;T;14;T;;null
10/03/2018;28;T;16;T;;null
11/03/2018;12;T;8;T;;null
12/03/2018;24;T;17;T;;null
13/03/2018;43;T;20;T;;null
14/03/2018;38;T;15;T;;null
15/03/2018;37;T;15;T;;null
16/03/2018;39;T;15;T;;null
17/03/2018;27;T;9;T;;null
18/03/2018;21;T;7;T;;null
19/03/2018;26;T;8;T;;null
20/03/2018;35;T;23;T;;null
21/03/2018;38;T;22;T;;null
22/03/2018;49;T;26;T;;null
23/03/2018;41;T;15;T;;null
24/03/2018;17;T;10;T;;null
25/03/2018;28;T;9;T;;null
26/03/2018;46;T;16;T;;null
27/03/2018;25;T;18;T;;null
28/03/2018;27;T;16;T;;null
29/03/2018;27;T;10;T;;null
30/03/2018;18;T;7;T;;null
31/03/2018;22;T;13;T;;null
01/04/2018;36;T;20;T;;null
02/04/2018;41;T;19;T;;null
03/04/2018;27;T;13;T;;null
04/04/2018;34;T;12;T;;null
05/04/2018;36;T;21;T;;null
06/04/2018;38;T;24;T;;null
07/04/2018;22;T;15;T;;null
08/04/2018;26;T;11;T;;null
09/04/2018;33;T;13;T;;null
10/04/2018;25;T;12;T;;null
11/04/2018;26;T;12;T;;null
12/04/2018;34;T;19;T;;null
13/04/2018;39;T;23;T;;null
14/04/2018;25;T;24;T;;null
15/04/2018;16;T;24;T;;null
16/04/2018;26;T;25;T;;null
17/04/2018;29;T;35;T;;null
18/04/2018;36;T;41;T;;null
19/04/2018;25;T;35;T;;null
20/04/2018;21;T;50;T;;null
21/04/2018;33;T;49;T;;null
22/04/2018;20;T;45;T;;null
23/04/2018;17;T;23;T;11;T
24/04/2018;17;T;24;T;15;T
25/04/2018;18;T;21;T;9;T
26/04/2018;18;T;19;T;6;T
27/04/2018;16;T;20;T;7;T
28/04/2018;18;T;16;T;7;T
29/04/2018;17;T;14;T;8;T
30/04/2018;27;T;13;T;7;T
01/05/2018;14;T;15;T;8;T
02/05/2018;25;T;17;T;10;T
03/05/2018;25;T;22;T;7;T
04/05/2018;20;T;22;T;9;T
05/05/2018;18;T;24;T;11;T
06/05/2018;20;T;30;T;15;T
07/05/2018;29;T;52;T;27;T
08/05/2018;20;T;36;T;20;T
09/05/2018;23;T;25;T;13;T
10/05/2018;22;T;27;T;9;T
11/05/2018;29;T;29;T;13;T
12/05/2018;18;T;13;T;5;T
13/05/2018;20;T;13;T;6;T
14/05/2018;23;T;15;T;5;T
15/05/2018;22;T;19;T;9;T
16/05/2018;19;T;17;T;6;T
17/05/2018;19;T;21;T;8;T
18/05/2018;21;T;29;T;14;T
19/05/2018;14;T;32;T;15;T
20/05/2018;14;T;32;T;14;T
21/05/2018;32;T;33;T;15;T
22/05/2018;25;T;34;T;17;T
23/05/2018;26;T;39;T;18;T
24/05/2018;26;T;43;T;21;T
25/05/2018;26;T;25;T;12;T
26/05/2018;20;T;17;T;8;T
27/05/2018;17;T;27;T;11;T
28/05/2018;28;T;23;T;10;T
29/05/2018;27;T;21;T;10;T
30/05/2018;27;T;25;T;12;T
31/05/2018;21;T;23;T;10;T
01/06/2018;29;T;16;T;7;T
02/06/2018;23;T;27;T;12;T
03/06/2018;21;T;20;T;9;T
04/06/2018;24;T;13;T;5;T
05/06/2018;29;T;18;T;7;T
06/06/2018;21;T;17;T;7;T
07/06/2018;19;T;23;T;9;T
08/06/2018;30;T;13;T;5;T
09/06/2018;19;T;16;T;7;T
10/06/2018;19;T;17;T;8;T
11/06/2018;19;T;16;T;7;T
12/06/2018;18;T;20;T;7;T
13/06/2018;19;T;25;T;9;T
14/06/2018;22;T;29;T;13;T
15/06/2018;27;T;20;T;9;T
16/06/2018;13;T;20;T;8;T
17/06/2018;16;T;27;T;10;T
18/06/2018;20;T;24;T;10;T
19/06/2018;12;T;17;T;4;T
20/06/2018;24;T;41;T;21;T
21/06/2018;23;T;35;T;18;T
22/06/2018;15;T;24;T;7;T
23/06/2018;14;T;35;T;16;T
24/06/2018;22;T;51;T;25;T
25/06/2018;26;T;42;T;17;T
26/06/2018;23;T;37;T;13;T
27/06/2018;17;T;20;T;8;T
28/06/2018;21;T;25;T;10;T
29/06/2018;20;T;23;T;12;T
30/06/2018;17;T;24;T;13;T
01/07/2018;23;T;24;T;10;T
02/07/2018;25;T;20;T;8;T
03/07/2018;19;T;23;T;7;T
04/07/2018;27;T;20;T;10;T
05/07/2018;17;T;24;T;9;T
06/07/2018;20;T;25;T;10;T
07/07/2018;14;T;23;T;8;T
08/07/2018;16;T;27;T;12;T
09/07/2018;20;T;31;T;14;T
10/07/2018;17;T;31;T;13;T
11/07/2018;34;T;29;T;15;T
12/07/2018;20;T;25;T;11;T
13/07/2018;23;T;27;T;13;T
14/07/2018;19;T;31;T;12;T
15/07/2018;13;T;29;T;13;T
16/07/2018;14;T;21;T;10;T
17/07/2018;20;T;19;T;6;T
18/07/2018;16;T;22;T;8;T
19/07/2018;19;T;18;T;7;T
20/07/2018;31;T;20;T;10;T
21/07/2018;19;T;19;T;8;T
22/07/2018;12;T;16;T;6;T
23/07/2018;19;T;26;T;12;T
24/07/2018;26;T;28;T;14;T
25/07/2018;17;T;22;T;9;T
26/07/2018;21;T;27;T;13;T
27/07/2018;26;T;27;T;12;T
28/07/2018;18;T;25;T;10;T
29/07/2018;17;T;32;T;15;T
30/07/2018;20;T;29;T;14;T
31/07/2018;16;T;18;T;7;T
01/08/2018;15;T;15;T;6;T
02/08/2018;22;T;29;T;12;T
03/08/2018;34;T;41;T;18;T
04/08/2018;23;T;52;T;31;T
05/08/2018;20;T;34;T;17;T
06/08/2018;23;T;45;T;21;T
07/08/2018;12;T;18;T;8;T
08/08/2018;14;T;17;T;8;T
09/08/2018;19;T;15;T;6;T
10/08/2018;21;T;20;T;9;T
11/08/2018;23;T;26;T;12;T
12/08/2018;14;T;21;T;11;T
13/08/2018;11;T;15;T;5;T
14/08/2018;12;T;19;T;6;T
15/08/2018;9;T;16;T;6;T
16/08/2018;14;T;22;T;9;T
17/08/2018;14;T;15;T;5;T
18/08/2018;13;T;18;T;7;T
19/08/2018;13;T;20;T;9;T
20/08/2018;16;T;22;T;10;T
21/08/2018;16;T;25;T;13;T
22/08/2018;18;T;25;T;13;T
23/08/2018;16;T;24;T;11;T
24/08/2018;19;T;19;T;8;T
25/08/2018;12;T;19;T;8;T
26/08/2018;26;T;25;T;13;T
27/08/2018;23;T;25;T;14;T
28/08/2018;23;T;29;T;16;T
29/08/2018;18;T;19;T;10;T
30/08/2018;24;T;23;T;10;T
31/08/2018;21;T;21;T;12;T
01/09/2018;17;T;18;T;11;T
02/09/2018;20;T;24;T;14;T
03/09/2018;25;T;25;T;10;T
04/09/2018;26;T;24;T;11;T
05/09/2018;33;T;24;T;12;T
06/09/2018;33;T;22;T;11;T
07/09/2018;26;T;21;T;9;T
08/09/2018;25;T;27;T;12;T
09/09/2018;18;T;26;T;13;T
10/09/2018;22;T;23;T;12;T
11/09/2018;35;T;38;T;19;T
12/09/2018;36;T;41;T;20;T
13/09/2018;25;T;33;T;16;T
14/09/2018;19;T;19;T;9;T
15/09/2018;24;T;24;T;10;T
16/09/2018;23;T;32;T;17;T
17/09/2018;39;T;33;T;21;T
18/09/2018;32;T;36;T;17;T
19/09/2018;34;T;38;T;15;T
20/09/2018;34;T;35;T;20;T
21/09/2018;25;T;30;T;14;T
22/09/2018;22;T;26;T;12;T
23/09/2018;16;T;19;T;11;T
24/09/2018;13;T;13;T;4;T
25/09/2018;26;T;17;T;10;T
26/09/2018;40;T;30;T;20;T
27/09/2018;39;T;37;T;19;T
28/09/2018;26;T;39;T;21;T
29/09/2018;16;T;31;T;14;T
30/09/2018;16;T;33;T;14;T
01/10/2018;25;T;21;T;8;T
02/10/2018;31;T;21;T;11;T
03/10/2018;36;T;28;T;15;T
04/10/2018;49;T;34;T;23;T
05/10/2018;43;T;31;T;18;T
06/10/2018;26;T;21;T;15;T
07/10/2018;22;T;16;T;7;T
08/10/2018;30;T;20;T;11;T
09/10/2018;33;T;-;M;17;T
10/10/2018;55;T;-;M;18;T
11/10/2018;43;T;23;T;15;T
12/10/2018;17;T;11;T;9;T
13/10/2018;24;T;13;T;8;T
14/10/2018;19;T;8;T;5;T
15/10/2018;32;T;15;T;10;T
16/10/2018;31;T;23;T;14;T
17/10/2018;30;T;27;T;17;T
18/10/2018;35;T;22;T;12;T
19/10/2018;36;T;34;T;19;T
20/10/2018;26;T;33;T;18;T
21/10/2018;20;T;31;T;21;T
22/10/2018;25;T;24;T;15;T
23/10/2018;30;T;23;T;13;T
24/10/2018;34;T;28;T;16;T
25/10/2018;34;T;31;T;21;T
26/10/2018;30;T;32;T;18;T
27/10/2018;23;T;7;T;4;T
28/10/2018;23;T;8;T;7;T
29/10/2018;40;T;16;T;9;T
30/10/2018;44;T;21;T;16;T
31/10/2018;38;T;23;T;12;T
01/11/2018;34;T;11;T;10;T
02/11/2018;31;T;13;T;7;T
03/11/2018;25;T;22;T;12;T
04/11/2018;26;T;19;T;13;T
05/11/2018;33;T;11;T;7;T
06/11/2018;33;T;18;T;9;T
07/11/2018;38;T;17;T;12;T
08/11/2018;41;T;22;T;17;T
09/11/2018;33;T;12;T;8;T
10/11/2018;38;T;24;T;14;T
11/11/2018;39;T;23;T;15;T
12/11/2018;40;T;28;T;17;T
13/11/2018;35;T;33;T;21;T
14/11/2018;46;T;50;T;29;T
15/11/2018;51;T;57;T;36;T
16/11/2018;53;T;59;T;35;T
17/11/2018;42;T;48;T;29;T
18/11/2018;27;T;39;T;22;T
19/11/2018;27;T;27;T;14;T
20/11/2018;29;T;22;T;13;T
21/11/2018;41;T;32;T;22;T
22/11/2018;42;T;23;T;16;T
23/11/2018;52;T;23;T;17;T
24/11/2018;37;T;21;T;15;T
25/11/2018;34;T;12;T;9;T
26/11/2018;46;T;17;T;14;T
27/11/2018;53;T;34;T;26;T
28/11/2018;58;T;51;T;38;T
29/11/2018;55;T;35;T;30;T
30/11/2018;59;T;29;T;22;T
01/12/2018;54;T;36;T;29;T
02/12/2018;54;T;35;T;26;T
03/12/2018;52;T;34;T;23;T
04/12/2018;32;T;30;T;17;T
05/12/2018;42;T;27;T;19;T
06/12/2018;36;T;29;T;21;T
07/12/2018;45;T;23;T;17;T
08/12/2018;50;T;26;T;20;T
09/12/2018;37;T;33;T;17;T
10/12/2018;50;T;41;T;26;T
11/12/2018;62;T;51;T;42;T
12/12/2018;52;T;38;T;26;T
13/12/2018;39;T;13;T;9;T
14/12/2018;55;T;21;T;15;T
15/12/2018;41;T;20;T;14;T
16/12/2018;32;T;12;T;7;T
17/12/2018;64;T;28;T;22;T
18/12/2018;38;T;17;T;14;T
19/12/2018;52;T;20;T;14;T
20/12/2018;76;T;38;T;28;T
21/12/2018;96;T;58;T;46;T
22/12/2018;55;T;34;T;29;T
23/12/2018;42;T;35;T;27;T
24/12/2018;50;T;44;T;36;T
25/12/2018;35;T;43;T;37;T
26/12/2018;64;T;56;T;47;T
27/12/2018;58;T;45;T;35;T
28/12/2018;56;T;48;T;35;T
29/12/2018;40;T;38;T;27;T
30/12/2018;32;T;31;T;30;T
31/12/2018;42;T;44;T;38;T
01/01/2019;28;T;32;T;32;T
02/01/2019;33;T;19;T;16;T
03/01/2019;50;T;29;T;25;T
04/01/2019;61;T;50;T;40;T
05/01/2019;58;T;57;T;50;T
06/01/2019;48;T;43;T;39;T
07/01/2019;46;T;44;T;40;T
08/01/2019;54;T;44;T;33;T
09/01/2019;57;T;30;T;20;T
10/01/2019;47;T;21;T;14;T
11/01/2019;63;T;47;T;31;T
12/01/2019;50;T;32;T;22;T
13/01/2019;43;T;25;T;17;T
14/01/2019;46;T;24;T;14;T
15/01/2019;51;T;35;T;26;T
16/01/2019;45;T;26;T;21;T
17/01/2019;49;T;18;T;9;T
18/01/2019;54;T;20;T;14;T
19/01/2019;49;T;18;T;12;T
20/01/2019;27;T;11;T;4;T
21/01/2019;51;T;18;T;11;T
22/01/2019;47;T;15;T;9;T
23/01/2019;27;T;8;T;5;T
24/01/2019;31;T;9;T;5;T
25/01/2019;46;T;26;T;10;T
26/01/2019;38;T;20;T;15;T
27/01/2019;23;T;14;T;8;T
28/01/2019;36;T;13;T;8;T
29/01/2019;36;T;13;T;8;T
30/01/2019;59;T;19;T;13;T
31/01/2019;46;T;16;T;9;T
01/02/2019;34;T;12;T;6;T
02/02/2019;35;T;12;T;9;T
03/02/2019;41;T;22;T;14;T
04/02/2019;71;T;37;T;27;T
05/02/2019;52;T;27;T;18;T
06/02/2019;47;T;33;T;20;T
07/02/2019;46;T;30;T;17;T
08/02/2019;60;T;38;T;23;T
09/02/2019;48;T;21;T;15;T
10/02/2019;26;T;10;T;6;T
11/02/2019;43;T;21;T;12;T
12/02/2019;49;T;37;T;25;T
13/02/2019;56;T;38;T;26;T
14/02/2019;65;T;48;T;35;T
15/02/2019;74;T;52;T;40;T
16/02/2019;65;T;56;T;44;T
17/02/2019;49;T;42;T;32;T
18/02/2019;46;T;18;T;13;T
19/02/2019;46;T;24;T;12;T
20/02/2019;50;T;37;T;22;T
21/02/2019;62;T;49;T;29;T
22/02/2019;70;T;72;T;36;T
23/02/2019;54;T;63;T;33;T
24/02/2019;48;T;61;T;32;T
25/02/2019;63;T;54;T;32;T
26/02/2019;65;T;46;T;29;T
27/02/2019;63;T;50;T;30;T
28/02/2019;55;T;47;T;27;T
01/03/2019;44;T;45;T;25;T
02/03/2019;44;T;35;T;19;T
03/03/2019;28;T;28;T;19;T
04/03/2019;24;T;24;T;11;T
05/03/2019;33;T;41;T;27;T
06/03/2019;25;T;13;T;8;T
07/03/2019;39;T;19;T;9;T
08/03/2019;38;T;23;T;9;T
09/03/2019;30;T;25;T;11;T
10/03/2019;17;T;25;T;11;T
11/03/2019;31;T;25;T;8;T
12/03/2019;31;T;23;T;11;T
13/03/2019;28;T;16;T;6;T
14/03/2019;24;T;18;T;6;T
15/03/2019;40;T;30;T;12;T
16/03/2019;28;T;32;T;16;T
17/03/2019;20;T;20;T;7;T
18/03/2019;29;T;19;T;8;T
19/03/2019;43;T;21;T;9;T
20/03/2019;33;T;20;T;9;T
21/03/2019;38;T;26;T;13;T
22/03/2019;51;T;36;T;20;T
23/03/2019;43;T;37;T;22;T
24/03/2019;28;T;35;T;18;T
25/03/2019;22;T;31;T;12;T
26/03/2019;25;T;23;T;10;T
27/03/2019;30;T;29;T;15;T
28/03/2019;33;T;34;T;15;T
29/03/2019;34;T;42;T;18;T
30/03/2019;43;T;40;T;21;T
31/03/2019;34;T;29;T;15;T
01/04/2019;42;T;33;T;17;T
02/04/2019;33;T;28;T;14;T
03/04/2019;25;T;8;T;4;T
04/04/2019;42;T;11;T;7;T
05/04/2019;35;T;12;T;7;T
06/04/2019;31;T;16;T;10;T
07/04/2019;23;T;12;T;6;T
08/04/2019;34;T;16;T;8;T
09/04/2019;30;T;17;T;8;T
10/04/2019;29;T;12;T;7;T
11/04/2019;40;T;25;T;12;T
12/04/2019;38;T;37;T;17;T
13/04/2019;41;T;33;T;19;T
14/04/2019;28;T;23;T;14;T
15/04/2019;26;T;20;T;11;T
16/04/2019;30;T;24;T;8;T
17/04/2019;32;T;27;T;13;T
18/04/2019;20;T;16;T;8;T
19/04/2019;21;T;17;T;8;T
20/04/2019;34;T;30;T;16;T
21/04/2019;23;T;27;T;15;T
22/04/2019;32;T;27;T;14;T
23/04/2019;27;T;15;T;6;T
24/04/2019;25;T;13;T;8;T
25/04/2019;28;T;11;T;7;T
26/04/2019;21;T;18;T;7;T
27/04/2019;19;T;23;T;8;T
28/04/2019;12;T;28;T;7;T
29/04/2019;29;T;34;T;12;T
30/04/2019;30;T;42;T;19;T
01/05/2019;17;T;20;T;9;T
02/05/2019;23;T;20;T;9;T
03/05/2019;26;T;16;T;7;T
04/05/2019;20;T;15;T;8;T
05/05/2019;10;T;16;T;6;T
06/05/2019;27;T;27;T;15;T
07/05/2019;40;T;30;T;17;T
08/05/2019;19;T;19;T;8;T
09/05/2019;42;T;24;T;14;T
10/05/2019;21;T;22;T;13;T
11/05/2019;14;T;20;T;8;T
12/05/2019;10;T;21;T;9;T
13/05/2019;20;T;23;T;11;T
14/05/2019;31;T;36;T;16;T
15/05/2019;39;T;43;T;22;T
16/05/2019;23;T;27;T;14;T
17/05/2019;27;T;13;T;7;T
18/05/2019;17;T;9;T;6;T
19/05/2019;15;T;13;T;8;T
20/05/2019;25;T;23;T;12;T
21/05/2019;29;T;25;T;15;T
22/05/2019;31;T;30;T;18;T
23/05/2019;22;T;19;T;11;T
24/05/2019;18;T;13;T;8;T
25/05/2019;15;T;18;T;9;T
26/05/2019;-;N;-;N;-;N
27/05/2019;17;T;13;T;8;T
28/05/2019;18;T;16;T;8;T
29/05/2019;23;T;22;T;11;T
30/05/2019;-;N;-;N;-;N
31/05/2019;39;T;18;T;17;T
01/06/2019;35;T;23;T;14;T
02/06/2019;29;T;25;T;16;T
03/06/2019;27;T;30;T;18;T
04/06/2019;19;T;20;T;12;T
05/06/2019;21;T;9;T;6;T
06/06/2019;22;T;11;T;7;T
07/06/2019;16;T;10;T;8;T
08/06/2019;18;T;15;T;8;T
09/06/2019;18;T;14;T;7;T
10/06/2019;-;N;-;N;-;N
11/06/2019;13;T;9;T;5;T
12/06/2019;19;T;14;T;8;T
13/06/2019;26;T;17;T;9;T
14/06/2019;31;T;20;T;13;T
15/06/2019;17;T;15;T;10;T
16/06/2019;17;T;18;T;10;T
17/06/2019;26;T;30;T;18;T
18/06/2019;30;T;29;T;20;T
19/06/2019;21;T;17;T;10;T
20/06/2019;21;T;12;T;6;T
21/06/2019;15;T;9;T;5;T
22/06/2019;19;T;17;T;11;T
23/06/2019;19;T;19;T;12;T
24/06/2019;30;T;20;T;14;T
25/06/2019;25;T;21;T;13;T
26/06/2019;-;N;-;N;-;N
27/06/2019;23;T;20;T;11;T
28/06/2019;21;T;19;T;10;T
29/06/2019;14;T;25;T;13;T
30/06/2019;10;T;19;T;10;T
01/07/2019;14;T;20;T;6;T
02/07/2019;15;T;14;T;8;T
03/07/2019;20;T;23;T;11;T
04/07/2019;26;T;36;T;18;T
05/07/2019;22;T;30;T;17;T
06/07/2019;20;T;28;T;15;T
07/07/2019;14;T;30;T;15;T
08/07/2019;18;T;21;T;12;T
09/07/2019;21;T;25;T;12;T
10/07/2019;24;T;29;T;17;T
11/07/2019;30;T;35;T;19;T
12/07/2019;18;T;27;T;12;T
13/07/2019;11;T;16;T;7;T
14/07/2019;12;T;20;T;8;T
15/07/2019;17;T;23;T;13;T
16/07/2019;19;T;20;T;10;T
17/07/2019;23;T;18;T;9;T
18/07/2019;18;T;25;T;12;T
19/07/2019;22;T;19;T;13;T
20/07/2019;16;T;17;T;11;T
21/07/2019;11;T;11;T;7;T
22/07/2019;13;T;17;T;11;T
23/07/2019;22;T;26;T;18;T
24/07/2019;26;T;31;T;18;T
25/07/2019;21;T;24;T;14;T
26/07/2019;18;T;14;T;6;T
27/07/2019;13;T;17;T;5;T
28/07/2019;14;T;12;T;8;T
29/07/2019;14;T;17;T;8;T
30/07/2019;16;T;14;T;7;T
31/07/2019;17;T;17;T;9;T
01/08/2019;17;T;13;T;8;T
02/08/2019;19;T;13;T;11;T
03/08/2019;20;T;25;T;17;T
04/08/2019;15;T;23;T;17;T
05/08/2019;23;T;27;T;15;T
06/08/2019;21;T;15;T;11;T
07/08/2019;21;T;17;T;11;T
08/08/2019;19;T;16;T;9;T
09/08/2019;24;T;21;T;12;T
10/08/2019;18;T;14;T;9;T
11/08/2019;12;T;14;T;7;T
12/08/2019;15;T;15;T;6;T
13/08/2019;22;T;13;T;10;T
14/08/2019;18;T;22;T;9;T
15/08/2019;-;N;-;N;-;N
16/08/2019;21;T;16;T;11;T
17/08/2019;23;T;17;T;11;T
18/08/2019;15;T;11;T;7;T
19/08/2019;17;T;12;T;7;T
20/08/2019;14;T;14;T;6;T
21/08/2019;17;T;18;T;8;T
22/08/2019;-;N;-;N;-;N
23/08/2019;44;T;23;T;15;T
24/08/2019;18;T;26;T;16;T
25/08/2019;13;T;19;T;12;T
26/08/2019;22;T;21;T;13;T
27/08/2019;23;T;23;T;15;T
28/08/2019;19;T;19;T;11;T
29/08/2019;22;T;20;T;11;T
30/08/2019;19;T;19;T;11;T
31/08/2019;18;T;17;T;11;T
01/09/2019;12;T;11;T;6;T
02/09/2019;14;T;10;T;5;T
03/09/2019;24;T;15;T;9;T
04/09/2019;22;T;17;T;10;T
05/09/2019;17;T;13;T;6;T
06/09/2019;23;T;14;T;7;T
07/09/2019;21;T;13;T;8;T
08/09/2019;16;T;12;T;8;T
09/09/2019;12;T;11;T;9;T
10/09/2019;19;T;14;T;9;T
11/09/2019;23;T;17;T;8;T
12/09/2019;22;T;17;T;10;T
13/09/2019;23;T;20;T;11;T
14/09/2019;18;T;24;T;14;T
15/09/2019;16;T;32;T;20;T
16/09/2019;31;T;34;T;20;T
17/09/2019;30;T;28;T;15;T
18/09/2019;20;T;21;T;9;T
19/09/2019;21;T;21;T;9;T
20/09/2019;28;T;26;T;15;T
21/09/2019;19;T;21;T;15;T
22/09/2019;18;T;11;T;6;T
23/09/2019;31;T;18;T;12;T
24/09/2019;24;T;18;T;8;T
25/09/2019;30;T;15;T;9;T
26/09/2019;30;T;22;T;13;T
27/09/2019;-;N;-;N;-;N
28/09/2019;-;N;-;N;-;N
29/09/2019;20;T;15;T;10;T
30/09/2019;-;N;-;N;-;N
01/10/2019;18;T;20;T;10;T
02/10/2019;17;T;11;T;6;T
03/10/2019;26;T;16;T;9;T
04/10/2019;27;T;14;T;7;T
05/10/2019;-;N;-;N;-;N
06/10/2019;17;T;17;T;9;T
07/10/2019;34;T;22;T;13;T
08/10/2019;28;T;14;T;11;T
09/10/2019;26;T;16;T;8;T
10/10/2019;29;T;20;T;10;T
11/10/2019;29;T;22;T;14;T
12/10/2019;21;T;27;T;16;T
13/10/2019;17;T;15;T;10;T
14/10/2019;28;T;9;T;6;T
15/10/2019;38;T;12;T;9;T
16/10/2019;40;T;12;T;10;T
17/10/2019;29;T;16;T;9;T
18/10/2019;38;T;18;T;11;T
19/10/2019;23;T;10;T;6;T
20/10/2019;22;T;7;T;5;T
21/10/2019;32;T;12;T;7;T
22/10/2019;30;T;21;T;9;T
23/10/2019;37;T;9;T;7;T
24/10/2019;39;T;15;T;11;T
25/10/2019;30;T;15;T;11;T
26/10/2019;41;T;25;T;19;T
27/10/2019;37;T;27;T;15;T
28/10/2019;-;N;-;N;-;N
29/10/2019;42;T;22;T;17;T
30/10/2019;39;T;22;T;15;T
31/10/2019;32;T;22;T;10;T
01/11/2019;26;T;13;T;7;T
02/11/2019;18;T;5;T;4;T
03/11/2019;11;T;9;T;5;T
04/11/2019;20;T;9;T;5;T
05/11/2019;23;T;9;T;8;T
06/11/2019;33;T;10;T;7;T
07/11/2019;23;T;8;T;5;T
08/11/2019;33;T;9;T;7;T
09/11/2019;24;T;9;T;6;T
10/11/2019;24;T;7;T;6;T
11/11/2019;31;T;20;T;10;T
12/11/2019;40;T;14;T;9;T
13/11/2019;30;T;9;T;5;T
14/11/2019;-;N;-;N;-;N
15/11/2019;36;T;9;T;7;T
16/11/2019;29;T;12;T;7;T
17/11/2019;26;T;8;T;7;T
18/11/2019;39;T;11;T;10;T
19/11/2019;43;T;22;T;14;T
20/11/2019;42;T;33;T;23;T
21/11/2019;50;T;28;T;19;T
22/11/2019;29;T;15;T;9;T
23/11/2019;29;T;12;T;7;T
24/11/2019;41;T;20;T;12;T
25/11/2019;44;T;31;T;17;T
26/11/2019;34;T;22;T;9;T
27/11/2019;46;T;17;T;10;T
28/11/2019;47;T;20;T;14;T
29/11/2019;41;T;25;T;13;T
30/11/2019;37;T;20;T;11;T
01/12/2019;28;T;15;T;11;T
02/12/2019;38;T;18;T;10;T
03/12/2019;39;T;22;T;12;T
04/12/2019;44;T;38;T;25;T
05/12/2019;45;T;47;T;29;T
06/12/2019;32;T;30;T;22;T
07/12/2019;37;T;38;T;21;T
08/12/2019;33;T;24;T;13;T
09/12/2019;35;T;32;T;15;T
10/12/2019;47;T;50;T;25;T
11/12/2019;32;T;13;T;9;T
12/12/2019;33;T;9;T;6;T
13/12/2019;21;T;9;T;4;T
14/12/2019;59;T;27;T;16;T
15/12/2019;29;T;14;T;8;T
16/12/2019;41;T;8;T;6;T
17/12/2019;43;T;18;T;9;T
18/12/2019;29;T;15;T;8;T
19/12/2019;48;T;14;T;7;T
20/12/2019;56;T;19;T;14;T
21/12/2019;31;T;18;T;10;T
22/12/2019;18;T;12;T;5;T
23/12/2019;58;T;34;T;21;T
24/12/2019;42;T;33;T;21;T
25/12/2019;37;T;38;T;27;T
26/12/2019;47;T;31;T;17;T
27/12/2019;48;T;42;T;27;T
28/12/2019;53;T;51;T;37;T
29/12/2019;52;T;51;T;36;T
30/12/2019;66;T;60;T;42;T
31/12/2019;46;T;42;T;29;T
